{"type": "FeatureCollection", "features": [{"type": "Feature", "properties": {"code": "28125", "name": "제물포구"}, "geometry": {"type": "MultiPolygon", "coordinates": [[[[126.591345253214, 37.45457725911572], [126.59345529976451, 37.44934775278393], [126.59698721670931, 37.44935448776828], [126.59680755180105, 37.4512066898978], [126.5934071309384, 37.45484444332243], [126.59424785561332, 37.45538993433044], [126.59780399553064, 37.45398761954314], [126.6032955964287, 37.45668395850536], [126.60154987773929, 37.45869240084778], [126.60294693832074, 37.45945798740919], [126.60219597548618, 37.46034030559491], [126.59899015009141, 37.4594515598034], [126.59487325787491, 37.456815387566145], [126.59246199634862, 37.458130598274124], [126.59093184722786, 37.461937940452096], [126.59104552106814, 37.464204418010894], [126.59382414636721, 37.46529511696702], [126.59576834127371, 37.4641961392683], [126.60039858760739, 37.465520645808134], [126.60033260030609, 37.466935331124226], [126.59762803423475, 37.46986524502309], [126.59547965761996, 37.469786406651046], [126.5948713578153, 37.46884027692095], [126.59477550626363, 37.46888276244786], [126.5975959912679, 37.47682651667792], [126.60057313767197, 37.48149113858275], [126.6017628838874, 37.48136308371661], [126.60220019663099, 37.48219647879104], [126.6039338831249, 37.479738993276506], [126.60275551706457, 37.48429883601866], [126.60585334384992, 37.48473188007082], [126.60645574618428, 37.483376203683], [126.60753292645362, 37.48369784278384], [126.6063650935693, 37.48627854724936], [126.60805129949408, 37.486765936638506], [126.60979478470496, 37.482950292662736], [126.60454562577344, 37.48135472483794], [126.60510472042264, 37.480076565900625], [126.61194824313235, 37.48208021169548], [126.61423868174997, 37.4788897719509], [126.61285318152278, 37.482530229953205], [126.61477548087329, 37.482997081495384], [126.61419148238508, 37.48428228609138], [126.61168279619163, 37.48351046899885], [126.60987084675808, 37.48736596297947], [126.61197522237615, 37.48803154710765], [126.61317482198356, 37.485446125711476], [126.61427022112542, 37.485793720971714], [126.61313340675098, 37.48840116389386], [126.61523296685701, 37.48904703249578], [126.61667083874708, 37.48643540580088], [126.61744583217796, 37.48687383812194], [126.61621382331775, 37.489743676998565], [126.61771993079904, 37.49018279547976], [126.61900885173797, 37.48888343380425], [126.61838842038728, 37.49038192258422], [126.62315927309898, 37.491819445231265], [126.62396909568531, 37.489034150036616], [126.62483060207205, 37.491064688373044], [126.62423338844606, 37.492049191966395], [126.62670072551447, 37.492057045187664], [126.62911197968006, 37.48980271297628], [126.62916601695503, 37.489219551904185], [126.63600899204336, 37.48518738406158], [126.63475166131036, 37.483872394248436], [126.63612240862128, 37.485054982082126], [126.63855536021985, 37.48341979335457], [126.63762440591715, 37.48217564501825], [126.63903162228732, 37.483505075099764], [126.63191312387133, 37.48826848208258], [126.62747864050398, 37.49336613310619], [126.6363175821028, 37.49588098141231], [126.63678219471313, 37.49474064928387], [126.64076096906304, 37.495769692069935], [126.66428739373123, 37.48307186470482], [126.67132648139867, 37.47778168761851], [126.67443168763063, 37.47693857407337], [126.67437279430435, 37.47560627579212], [126.67031160933122, 37.47683950266789], [126.65498303356034, 37.48403267910029], [126.65257286515215, 37.481412613684384], [126.65299176623132, 37.47953529767751], [126.65449631608541, 37.47840932528873], [126.65197853191576, 37.47520059587789], [126.65377308625605, 37.47355153162326], [126.65225921753219, 37.47029196626706], [126.65355968702221, 37.470212370148], [126.64928692125582, 37.46927078197375], [126.642272501564, 37.470285355419634], [126.64186402884359, 37.46927348979564], [126.64410416542223, 37.46594239116654], [126.63885184108274, 37.463342764720444], [126.63758022162207, 37.4599585837134], [126.63270900317174, 37.45364357991303], [126.62914418260546, 37.45179440546422], [126.63008816740403, 37.44994507942428], [126.62887200722065, 37.448648034985425], [126.63234643985227, 37.42999711038079], [126.61020131398303, 37.43010905487911], [126.61544988874202, 37.43797749343415], [126.60810295872143, 37.440953770059814], [126.61018705305297, 37.44422253135592], [126.61667685968133, 37.44154205825664], [126.61867852996816, 37.444674026392036], [126.61062356792422, 37.44794728301542], [126.61388800634016, 37.4531124073978], [126.61089552953787, 37.45432997878163], [126.60104749128273, 37.438701358306254], [126.59416657000949, 37.43873163617299], [126.59320984297727, 37.44934692312225], [126.59110508500082, 37.454515526814625], [126.591345253214, 37.45457725911572]], [[126.62707048549109, 37.49096042740358], [126.62682830513585, 37.49047321239551], [126.62731266901436, 37.49144763288208], [126.62707048549109, 37.49096042740358]], [[126.6265623393165, 37.48993809655331], [126.62657766370255, 37.48996690495025], [126.62670298399257, 37.49022005872887], [126.6265623393165, 37.48993809655331]], [[126.6257949351076, 37.48838729832676], [126.62576456041369, 37.48832713236985], [126.6261938206991, 37.48919277596189], [126.6257949351076, 37.48838729832676]], [[126.62542974697388, 37.48765282530556], [126.6250949507702, 37.486978526293775], [126.62576456041369, 37.48832713236985], [126.62542974697388, 37.48765282530556]], [[126.6262389718742, 37.486373759138694], [126.62661185687212, 37.48624938013411], [126.6258660856483, 37.48649813695705], [126.6262389718742, 37.486373759138694]], [[126.62657362662173, 37.486129903918375], [126.62653539653667, 37.48601041867867], [126.62661185687212, 37.48624938013411], [126.62657362662173, 37.486129903918375]], [[126.62649551206599, 37.4860206175039], [126.62645561632314, 37.48603080726991], [126.62653539653667, 37.48601041867867], [126.62649551206599, 37.4860206175039]], [[126.62645333203184, 37.48601051860436], [126.62645104778682, 37.48599022092891], [126.62645561632314, 37.48603080726991], [126.62645333203184, 37.48601051860436]], [[126.62647402845936, 37.485602334098964], [126.62645197749666, 37.485483062355705], [126.62649607949061, 37.48572160583602], [126.62647402845936, 37.485602334098964]], [[126.62645516646462, 37.48543998685749], [126.62645835542871, 37.48539691135883], [126.62645197749666, 37.485483062355705], [126.62645516646462, 37.48543998685749]], [[126.62671027554451, 37.48510540066362], [126.62674405379339, 37.48507707912265], [126.62664792254974, 37.48515681443718], [126.62671027554451, 37.48510540066362]], [[126.62683902355735, 37.484869883218444], [126.62683538742934, 37.48482594813579], [126.62684265968947, 37.484913818300676], [126.62683902355735, 37.484869883218444]], [[126.62683457245136, 37.48481480924151], [126.62683435784254, 37.48481250201135], [126.62683478710514, 37.48481710746187], [126.62683457245136, 37.48481480924151]], [[126.62712497505512, 37.48444198763093], [126.62715088927408, 37.48442389665063], [126.62709906077876, 37.484460087615254], [126.62712497505512, 37.48444198763093]], [[126.62721358362319, 37.48437855893547], [126.62722250311808, 37.48437201892983], [126.6272046641268, 37.48438509894041], [126.62721358362319, 37.48437855893547]], [[126.62728886912218, 37.48433405394271], [126.62735523505937, 37.484296088917695], [126.62722250311808, 37.48437201892983], [126.62728886912218, 37.48433405394271]], [[126.62749814975638, 37.48421190182454], [126.62763164086178, 37.484133261903445], [126.6273646583717, 37.48429054159226], [126.62749814975638, 37.48421190182454]], [[126.62764348252142, 37.484121144936566], [126.62765532417725, 37.48410902796845], [126.62763164086178, 37.484133261903445], [126.62764348252142, 37.484121144936566]], [[126.6277159985922, 37.483996973840945], [126.62774566499445, 37.48393600718389], [126.62768633214141, 37.484057940489656], [126.6277159985922, 37.483996973840945]], [[126.62789570375254, 37.48343358170177], [126.62789474689808, 37.483416847176876], [126.6278966606074, 37.4834503162266], [126.62789570375254, 37.48343358170177]], [[126.62795826990505, 37.48335696058751], [126.62801900250311, 37.48332613128046], [126.62789753725728, 37.48338778986293], [126.62795826990505, 37.48335696058751]], [[126.62829702386553, 37.48257152440717], [126.62825903200128, 37.48256760219393], [126.62833500447265, 37.482575437562666], [126.62829702386553, 37.48257152440717]], [[126.6282300287249, 37.48257273634888], [126.62820102544461, 37.48257787049665], [126.62825903200128, 37.48256760219393], [126.6282300287249, 37.48257273634888]], [[126.62816102159869, 37.48258293383849], [126.62812102909832, 37.482587988192634], [126.62820102544461, 37.48257787049665], [126.62816102159869, 37.48258293383849]], [[126.6280770964778, 37.482571442208624], [126.62803316387672, 37.48255489620832], [126.62812102909832, 37.482587988192634], [126.6280770964778, 37.482571442208624]], [[126.62791071500864, 37.48253505658895], [126.62783765548834, 37.48252805006651], [126.62798376328183, 37.48254205402072], [126.62791071500864, 37.48253505658895]], [[126.62779040393424, 37.48251731391593], [126.62774315243871, 37.482506568736724], [126.62783765548834, 37.48252805006651], [126.62779040393424, 37.48251731391593]], [[126.62766398288929, 37.48251412990927], [126.62758480206323, 37.48252168198309], [126.62774315243871, 37.482506568736724], [126.62766398288929, 37.48251412990927]], [[126.6275262442501, 37.48249962947196], [126.62749619625272, 37.482498867624095], [126.62755629229306, 37.482500382302334], [126.6275262442501, 37.48249962947196]], [[126.62744608030444, 37.482498006198554], [126.62739596440244, 37.48249713574193], [126.62749619625272, 37.482498867624095], [126.62744608030444, 37.482498006198554]], [[126.6273709051642, 37.482498092540894], [126.6273458346194, 37.48249904929873], [126.62739596440244, 37.48249713574193], [126.6273709051642, 37.482498092540894]], [[126.62731223594314, 37.482500663800366], [126.6272786259595, 37.48250227825668], [126.6273458346194, 37.48249904929873], [126.62731223594314, 37.482500663800366]], [[126.62722957090686, 37.482499528007175], [126.62718051590292, 37.48249676872745], [126.6272786259595, 37.48250227825668], [126.62722957090686, 37.482499528007175]], [[126.62716991888612, 37.482495131381285], [126.62715931060877, 37.48249348498852], [126.62718051590292, 37.48249676872745], [126.62716991888612, 37.482495131381285]], [[126.62713949334841, 37.48249979224441], [126.62711966482371, 37.482506090451324], [126.62715931060877, 37.48249348498852], [126.62713949334841, 37.48249979224441]], [[126.62710909745363, 37.48250984115156], [126.62709853012748, 37.482513582841], [126.62711966482371, 37.482506090451324], [126.62710909745363, 37.48250984115156]], [[126.62708616739164, 37.48252593236479], [126.62707380469668, 37.48253827287737], [126.62709853012748, 37.482513582841], [126.62708616739164, 37.48252593236479]], [[126.62706793022814, 37.48254411974703], [126.6270620444976, 37.48254995757073], [126.62707380469668, 37.48253827287737], [126.62706793022814, 37.48254411974703]], [[126.62704686414845, 37.48256504619968], [126.62703167248715, 37.48258013479078], [126.6270620444976, 37.48254995757073], [126.62704686414845, 37.48256504619968]], [[126.62702938833493, 37.48258246113189], [126.62702709287663, 37.48258478743713], [126.62703167248715, 37.48258013479078], [126.62702938833493, 37.48258246113189]], [[126.62702049490653, 37.48259061399136], [126.62701748550576, 37.48259327140222], [126.62702349300113, 37.48258795654461], [126.62702049490653, 37.48259061399136]], [[126.62700378906545, 37.48260326508968], [126.6269900926665, 37.4826132497657], [126.62701748550576, 37.48259327140222], [126.62700378906545, 37.48260326508968]], [[126.62698658033953, 37.48261473428645], [126.62698306805743, 37.4826162097973], [126.6269900926665, 37.4826132497657], [126.62698658033953, 37.48261473428645]], [[126.62695856122072, 37.48262653862105], [126.62693405442232, 37.482636858429835], [126.62698306805743, 37.4826162097973], [126.62695856122072, 37.48262653862105]], [[126.62692126389516, 37.48264203464941], [126.62690847341119, 37.48264720185772], [126.62693405442232, 37.482636858429835], [126.62692126389516, 37.48264203464941]], [[126.6268815278337, 37.48258438005512], [126.62687974022333, 37.48256424613009], [126.62688331548996, 37.482604504970254], [126.6268815278337, 37.48258438005512]], [[126.62684336066208, 37.482275929086704], [126.62683136932, 37.48223880605296], [126.62685535206079, 37.48231304310921], [126.62684336066208, 37.482275929086704]], [[126.62682197800358, 37.48216553427926], [126.62681471107051, 37.48214910409114], [126.62682924493983, 37.48218196446688], [126.62682197800358, 37.48216553427926]], [[126.62680988059932, 37.48207267527135], [126.62680505018233, 37.48199623744054], [126.62681471107051, 37.48214910409114], [126.62680988059932, 37.48207267527135]], [[126.62678376704876, 37.48185009139977], [126.62677455874812, 37.48183527684498], [126.626792975353, 37.48186490595378], [126.62678376704876, 37.48185009139977]], [[126.62675645788134, 37.48181713643882], [126.62673835706829, 37.48179898702007], [126.62677455874812, 37.48183527684498], [126.62675645788134, 37.48181713643882]], [[126.62673038623075, 37.481787681262794], [126.62672241539563, 37.48177637550495], [126.62673835706829, 37.48179898702007], [126.62673038623075, 37.481787681262794]], [[126.62661283483695, 37.481609361552984], [126.62660807877168, 37.48159729113026], [126.62661759094875, 37.48162142296571], [126.62661283483695, 37.481609361552984]], [[126.62660491999841, 37.48158911807999], [126.62660176127083, 37.481580936019846], [126.62660807877168, 37.48159729113026], [126.62660491999841, 37.48158911807999]], [[126.62659937188894, 37.48157490978221], [126.62659698255241, 37.4815688745347], [126.62660176127083, 37.481580936019846], [126.62659937188894, 37.48157490978221]], [[126.62655349328881, 37.481466049970415], [126.62654444902917, 37.48144783916088], [126.62656253759792, 37.48148425176937], [126.62655349328881, 37.481466049970415]], [[126.62716824773987, 37.480547892533124], [126.6271730515527, 37.48054133047688], [126.62716345527687, 37.48055444561514], [126.62716824773987, 37.480547892533124]], [[126.62753030592077, 37.4800603654695], [126.6275866762458, 37.479981030912164], [126.62747394682663, 37.4801396910242], [126.62753030592077, 37.4800603654695]], [[126.62794389480038, 37.47952208484468], [126.62795688582872, 37.47950603411291], [126.62793090376651, 37.479538135574934], [126.62794389480038, 37.47952208484468]], [[126.6277219823834, 37.47952798048796], [126.62765418615737, 37.479565119187406], [126.62761785106099, 37.47958247215744], [126.6277219823834, 37.47952798048796]], [[126.62757181597631, 37.47960673184021], [126.62745766247359, 37.479684582072935], [126.62728544499348, 37.47979346458813], [126.62757181597631, 37.47960673184021]], [[126.62702975365706, 37.47995080239764], [126.62688539595719, 37.480031824222024], [126.62685475271064, 37.480048078662506], [126.62689406428656, 37.48002340936582], [126.62702975365706, 37.47995080239764]], [[126.62648921006874, 37.48028435625594], [126.62643538778835, 37.48032659925685], [126.62643471970982, 37.480326482158226], [126.62648921006874, 37.48028435625594]], [[126.62640299982755, 37.480329276338374], [126.62639714254952, 37.48034420946122], [126.62639831087988, 37.48035025537507], [126.62640299982755, 37.480329276338374]], [[126.62586583408229, 37.48074915051741], [126.62575590579624, 37.48078740848195], [126.62573964640714, 37.480791126487496], [126.62586583408229, 37.48074915051741]], [[126.62478807953973, 37.48123996332929], [126.62536903542461, 37.48099361399113], [126.62500902645506, 37.481161404237945], [126.62478807953973, 37.48123996332929]], [[126.62472550025919, 37.48126177246281], [126.62390008446806, 37.48137861860372], [126.62370390464955, 37.4814007056049], [126.62349311662562, 37.481413960830736], [126.6234018159669, 37.48144181582736], [126.62327308337817, 37.481457991151345], [126.62313003835148, 37.48144816250568], [126.62472550025919, 37.48126177246281]], [[126.62219695609669, 37.48126174853636], [126.62281249460318, 37.48141408793236], [126.6227617369812, 37.481406113603676], [126.62219695609669, 37.48126174853636]], [[126.62216395290005, 37.48129913073848], [126.62216554758503, 37.4813034966806], [126.62050274960843, 37.48073906192246], [126.62216395290005, 37.48129913073848]], [[126.62046031472029, 37.48072669555438], [126.62027115832373, 37.48097705933094], [126.62012461510349, 37.481165771247774], [126.62046031472029, 37.48072669555438]], [[126.61666002660276, 37.484330879164304], [126.61702989078991, 37.483206234940575], [126.61733722737263, 37.48302550373722], [126.61822164755823, 37.48285474061451], [126.61666002660276, 37.484330879164304]], [[126.61879743775138, 37.4830902487927], [126.61879799951626, 37.483090944379185], [126.6186918601372, 37.4830470660374], [126.61879743775138, 37.4830902487927]], [[126.6188723506354, 37.48293772754317], [126.61886945026664, 37.482943435269384], [126.61887728261414, 37.482927651973355], [126.6188723506354, 37.48293772754317]], [[126.61917328880688, 37.4824576477191], [126.61937936775817, 37.482182792962135], [126.6193992606988, 37.48215664612224], [126.61931474528836, 37.482270935630076], [126.61923069141655, 37.48238270258276], [126.61917328880688, 37.4824576477191]], [[126.61954637985806, 37.48195861260521], [126.61986111575628, 37.48152146907033], [126.62005854505004, 37.48125495960289], [126.619702112342, 37.48175169150843], [126.61954637985806, 37.48195861260521]], [[126.61217097704258, 37.46234605587763], [126.62426786695775, 37.45765059971935], [126.62515772652131, 37.45910821834208], [126.61957252771188, 37.46127897223936], [126.62001617617275, 37.46200960196383], [126.62590223594911, 37.46032317940594], [126.62674323542093, 37.46169996378855], [126.61424019418023, 37.46655191425779], [126.61528401241031, 37.46827120953031], [126.6240809462219, 37.464860728778014], [126.62506347184672, 37.46656250674835], [126.61563723895901, 37.47022443874861], [126.6124189270716, 37.47716314247062], [126.60697332888691, 37.475623211911476], [126.60991914016233, 37.46913727034021], [126.60803611126487, 37.46722970247973], [126.60303667161061, 37.46576478518363], [126.60489558758094, 37.465215104677306], [126.60401765634427, 37.465188593839436], [126.6046158057871, 37.46420932688896], [126.60260698555778, 37.46088398687837], [126.60333662275785, 37.46005458207167], [126.61217097704258, 37.46234605587763]], [[126.62829166097472, 37.479136979092694], [126.62859220239451, 37.4787159385246], [126.62891056721476, 37.478504334612445], [126.62829166097472, 37.479136979092694]], [[126.63901903772494, 37.47024041628187], [126.6390724687509, 37.47027179075979], [126.63904633332608, 37.47028400761469], [126.63901903772494, 37.47024041628187]], [[126.64242062545632, 37.468391703662945], [126.6421218568768, 37.468521169105244], [126.64241937170304, 37.46839147900796], [126.64242062545632, 37.468391703662945]], [[126.63542195541166, 37.472769547656725], [126.63542355210588, 37.472767956997785], [126.6355626401936, 37.47292558209603], [126.63542195541166, 37.472769547656725]], [[126.63714112748134, 37.47125685730562], [126.63715543910098, 37.471246884524035], [126.63718496964626, 37.47123634499183], [126.63714112748134, 37.47125685730562]], [[126.63730187792174, 37.47112093490014], [126.63730195697786, 37.47112087639543], [126.63730117895274, 37.47112171540802], [126.63730187792174, 37.47112093490014]], [[126.6377454384679, 37.47082544022452], [126.63878334124259, 37.47040390035205], [126.63754728185486, 37.470949381086925], [126.6377454384679, 37.47082544022452]], [[126.63556784915198, 37.47263207100482], [126.63618228407793, 37.47205268602208], [126.63572406738018, 37.4724924532505], [126.63558458676881, 37.4726184314354], [126.63556784915198, 37.47263207100482]], [[126.63542703174122, 37.47276449301744], [126.63550300985739, 37.47268852135862], [126.63544432008874, 37.47275250698906], [126.63542703174122, 37.47276449301744]], [[126.6309824420506, 37.4770198033599], [126.63098197482375, 37.4770201575233], [126.63096460515203, 37.47700750940769], [126.6309824420506, 37.4770198033599]], [[126.63134232841695, 37.476715313898374], [126.6313677671559, 37.47674163988249], [126.63134149314745, 37.47671589130652], [126.63134232841695, 37.476715313898374]], [[126.63174590298702, 37.476409681544766], [126.63158388727545, 37.47655130838634], [126.63139074484212, 37.47668184439064], [126.63174590298702, 37.476409681544766]], [[126.63214991402333, 37.47611042023398], [126.63182295116087, 37.47634394048498], [126.63184956830041, 37.4763226287814], [126.63214991402333, 37.47611042023398]], [[126.63219388645828, 37.47607901448575], [126.63260436352712, 37.475752025367285], [126.63332679263443, 37.4751087043377], [126.63219388645828, 37.47607901448575]], [[126.63371441530056, 37.47476297224889], [126.6347303902656, 37.473716447603124], [126.63472586092823, 37.473770470062306], [126.63431778711434, 37.474226215824565], [126.63371441530056, 37.47476297224889]], [[126.63555429410413, 37.47293762429545], [126.63555401271735, 37.47293786416515], [126.6355527679476, 37.47293549182912], [126.63555429410413, 37.47293762429545]], [[126.63549313912034, 37.4729971620435], [126.6355082730146, 37.47297230533461], [126.63550886281251, 37.47297209771898], [126.63549313912034, 37.4729971620435]], [[126.63627389597661, 37.4766595837783], [126.63634533365122, 37.4766596784278], [126.6362141931059, 37.47665950734392], [126.63627389597661, 37.4766595837783]], [[126.6378446614605, 37.476678871495665], [126.63773944706057, 37.47667571850215], [126.63776526486674, 37.476676437689086], [126.6378446614605, 37.476678871495665]], [[126.63790153990662, 37.47668089357955], [126.63790126653548, 37.476680883861], [126.63792246320773, 37.47668147153109], [126.63790153990662, 37.47668089357955]]], [[[126.61684187054696, 37.46472458190843], [126.61673399690801, 37.46480265365566], [126.61686442557891, 37.46473913437379], [126.61684187054696, 37.46472458190843]]], [[[126.59972608226751, 37.46560257756104], [126.59984292682101, 37.46551400119861], [126.59973477339351, 37.465509885392215], [126.59972608226751, 37.46560257756104]]], [[[126.5998186309978, 37.466028235361854], [126.59997577842077, 37.46605290716163], [126.59991861638747, 37.465978813060666], [126.5998186309978, 37.466028235361854]]], [[[126.59998198109245, 37.46634727528628], [126.60013467839835, 37.466384104237804], [126.60008044835193, 37.46631335386938], [126.59998198109245, 37.46634727528628]]], [[[126.59981462360068, 37.46639907253002], [126.5999748970724, 37.46640159040633], [126.59989395575536, 37.46633942580044], [126.59981462360068, 37.46639907253002]]], [[[126.58622372193705, 37.4976770476055], [126.58943968802225, 37.498635450367374], [126.59132658741875, 37.49677992569414], [126.58713197985844, 37.49681170670756], [126.58622372193705, 37.4976770476055]]]]}}, {"type": "Feature", "properties": {"code": "28155", "name": "영종구"}, "geometry": {"type": "MultiPolygon", "coordinates": [[[[126.43983047231404, 37.36170311816958], [126.44179364374057, 37.36194388377083], [126.44212396564387, 37.361510205189816], [126.44101098831474, 37.36037645962487], [126.43983047231404, 37.36170311816958]]], [[[126.44009928700909, 37.371685981555714], [126.44197734601404, 37.37315216930409], [126.44132689997204, 37.374297423302565], [126.44630334515976, 37.37501717732874], [126.44543271563188, 37.373832687417355], [126.44580366691724, 37.37099004204229], [126.44325454912794, 37.370424459351334], [126.4409200056865, 37.37100637043825], [126.44009928700909, 37.371685981555714]]], [[[126.39686900779444, 37.393900138485535], [126.40120131018708, 37.3957340530038], [126.40064797274027, 37.39821281646888], [126.40244279509369, 37.39882469278938], [126.40055905142371, 37.40092948598337], [126.4049825784004, 37.4058912867008], [126.40573680764304, 37.407822436614104], [126.40439402463116, 37.4098898182525], [126.4067971519056, 37.410669293530866], [126.40800009328115, 37.41238220045884], [126.41427288644178, 37.409523818200135], [126.41311980137978, 37.40533849856077], [126.41427676434509, 37.40332355776431], [126.41559497840713, 37.404113589521366], [126.41951369540219, 37.401608355382834], [126.42239768215752, 37.40120531538505], [126.42247388573485, 37.39826457535119], [126.42631540962817, 37.396225002222565], [126.4271623383125, 37.39374416227404], [126.42882212404486, 37.393754311433675], [126.42973910079846, 37.39089729751482], [126.43134913263884, 37.38976450860985], [126.43482978613153, 37.38928177632257], [126.43601809625582, 37.38702352048154], [126.44198579384066, 37.38531641765633], [126.4412580800786, 37.381658820226], [126.43451135358694, 37.38175642101661], [126.43587069615855, 37.379696393533], [126.43527564202498, 37.379229843647124], [126.44019770266681, 37.37833210009827], [126.43869840315956, 37.37759597111025], [126.4399773517545, 37.376904896890046], [126.43936480760179, 37.375956975855125], [126.43324782132792, 37.37430195972835], [126.43322294939617, 37.37141057388284], [126.43483194322643, 37.37128053870788], [126.43591586014347, 37.372414156556275], [126.43366016644849, 37.36890146872181], [126.4317117720185, 37.3687478204783], [126.43018169660257, 37.36984199258091], [126.42644419587282, 37.36832454210934], [126.4249096789998, 37.36879834429125], [126.42306265890088, 37.36653297986446], [126.42008322740095, 37.36803912695705], [126.41819803799442, 37.36557799876733], [126.41361890512503, 37.36650771040803], [126.41247170267651, 37.36895458711616], [126.4097175387412, 37.37024463982131], [126.40814824705845, 37.37255985822517], [126.40864123424409, 37.37388455559822], [126.4109474284817, 37.37510965705903], [126.40844497188105, 37.38056110625713], [126.41027128209566, 37.38289850787465], [126.40752856071973, 37.38952887946601], [126.40557820488779, 37.39003207103444], [126.40537604469428, 37.39183136308355], [126.40419859511084, 37.39214712443192], [126.4016337876318, 37.391675468466104], [126.39904099784361, 37.39234094023109], [126.39671074243128, 37.39160448665427], [126.39686900779444, 37.393900138485535]]], [[[126.3892173904213, 37.397180045907064], [126.39020634576593, 37.3995276741182], [126.38979269678084, 37.40249260069055], [126.3937380594879, 37.40457381210145], [126.3962543206084, 37.40451275614846], [126.39606317936305, 37.402642454653495], [126.39357603050317, 37.40194278885214], [126.39428282113333, 37.40057337714217], [126.39233092599069, 37.399705224577595], [126.39044036958171, 37.396531668904906], [126.3892173904213, 37.397180045907064]]], [[[126.43546615002606, 37.40525538592932], [126.44064617797052, 37.405422050295925], [126.44147947551633, 37.404787595220036], [126.43986232924289, 37.40355620206503], [126.43546615002606, 37.40525538592932]]], [[[126.44175023891181, 37.41457909236643], [126.4422551511396, 37.41377562699062], [126.44121027827558, 37.413459294156404], [126.44078480331959, 37.4142275423364], [126.44175023891181, 37.41457909236643]]], [[[126.42526394751576, 37.41848581981811], [126.42503672561469, 37.41842753468959], [126.42500244755547, 37.41921067807894], [126.42526394751576, 37.41848581981811]]], [[[126.43525281818363, 37.42213542379637], [126.42801989972602, 37.42310003605396], [126.42534102983625, 37.421681723076105], [126.42484289959557, 37.42262353176298], [126.4213321093872, 37.421400827590496], [126.41979948288785, 37.422126744966945], [126.4179191181979, 37.42172386754466], [126.41593100040349, 37.42030268588541], [126.41614182796951, 37.419159407786374], [126.4158561657498, 37.41736571736088], [126.41518731218383, 37.4162761308763], [126.414989174568, 37.41709508414876], [126.41288610470247, 37.41714619741181], [126.4129137692892, 37.41973428235356], [126.41596901587502, 37.41959147281059], [126.41586687506506, 37.420322208230196], [126.41662436354967, 37.42110680842562], [126.41777653715562, 37.42173437203933], [126.41987953451125, 37.42237782358965], [126.41800197790633, 37.42984030141227], [126.41212703445323, 37.43708807051132], [126.40852092720601, 37.43852888177945], [126.40536806835745, 37.4379399627821], [126.40465714923866, 37.43582236969424], [126.40202734373469, 37.43369003729086], [126.40008407143449, 37.434278138985384], [126.4044444207192, 37.43936844177944], [126.40138083586179, 37.44296933941448], [126.39518946291759, 37.446179796785245], [126.39535743121, 37.446924050066784], [126.3943832635442, 37.44675780827067], [126.39482807754537, 37.4458065708352], [126.38993166471289, 37.44331059592389], [126.38919697222804, 37.44141780441776], [126.3899724425542, 37.43966063667298], [126.38453869286319, 37.44086541857662], [126.38007041728821, 37.439874695030426], [126.38177446200169, 37.43649252479339], [126.3810676626676, 37.435952427971884], [126.37889488984483, 37.43745957528427], [126.37929893107562, 37.43834924509036], [126.37640481955748, 37.44168216689886], [126.37205848470994, 37.44110144928712], [126.37010541935494, 37.442063573469106], [126.36732029640073, 37.441586750741465], [126.3640734419251, 37.44245006889582], [126.36588018879826, 37.443235769796786], [126.36520464474532, 37.44387087569514], [126.37051448407566, 37.44385799512692], [126.37317780415478, 37.44454696392905], [126.37344090238074, 37.445052125377806], [126.37223682239275, 37.444481158906754], [126.37222773257409, 37.448406617767795], [126.37061792588509, 37.44951440999321], [126.36945531558146, 37.4482141485509], [126.36878257861994, 37.448646980579284], [126.37060124768517, 37.45302350346675], [126.36900084271811, 37.456623760983035], [126.36442796120367, 37.45860332572272], [126.36497293853087, 37.456535524874624], [126.36179591051932, 37.45793643931888], [126.35954677334479, 37.462010556766934], [126.35737219516251, 37.4621768315091], [126.35655487050506, 37.46312765667253], [126.35700516873119, 37.46564228718531], [126.35578464567456, 37.467568235961295], [126.35735554166725, 37.469896503329416], [126.35959992860563, 37.47115172903306], [126.3594426539051, 37.47325540237644], [126.36416916234032, 37.47456021298842], [126.36905134774823, 37.47361389180641], [126.36866144092595, 37.47021570833322], [126.37095821864919, 37.47233910205754], [126.37207633250057, 37.472221060177894], [126.37258898241946, 37.471034845111426], [126.3735150464102, 37.472492524522146], [126.37418389257701, 37.47190259599964], [126.41874711113717, 37.49675299458904], [126.44330063240797, 37.49874904043182], [126.44656114795433, 37.49787296436392], [126.45556718151845, 37.50034074683501], [126.45402832874025, 37.499404977052215], [126.47135113626467, 37.49847803253155], [126.47183783971138, 37.499355931663374], [126.47228715537386, 37.498615530632485], [126.47292507303077, 37.499545594111005], [126.4735656950971, 37.498760544088945], [126.4761148907512, 37.499532343285885], [126.49426923605782, 37.507495700076305], [126.49661864134792, 37.51320121590819], [126.50024787252475, 37.513226998022446], [126.49499704467927, 37.51373982137969], [126.4966058224711, 37.52418985530926], [126.50268548773664, 37.52421457144858], [126.50151058868124, 37.5258287922144], [126.4977266858738, 37.52514596537812], [126.49674567508761, 37.52611277803767], [126.49889815243843, 37.53056761700475], [126.50184252723554, 37.530945433121886], [126.50181281491415, 37.53169209774706], [126.50238854414287, 37.532356756134114], [126.50296772654902, 37.530508615502455], [126.50981060966137, 37.532629120044724], [126.51042672172936, 37.53094108407844], [126.51137729407881, 37.53394490764902], [126.51563424950162, 37.53422677498647], [126.51712010175501, 37.53366092434924], [126.51758164313881, 37.531140445110765], [126.52248889963329, 37.530408668378755], [126.52551728488808, 37.527199797138984], [126.5248212651119, 37.52491443078354], [126.52658068112589, 37.52425749143203], [126.52941013946409, 37.523825819742456], [126.52939616890546, 37.52452772282954], [126.53155772402863, 37.524595898578745], [126.54063164566615, 37.521372359500106], [126.54309173388974, 37.52296431086291], [126.54342727612513, 37.5222947372999], [126.54099973303141, 37.51967060373125], [126.54701364754156, 37.51755124839735], [126.55403565693334, 37.51807772957505], [126.56229139991235, 37.51533239114299], [126.56372917539274, 37.51673829851481], [126.56448682804137, 37.516501891521266], [126.56243848674353, 37.51528264475398], [126.56573626455925, 37.513514970125286], [126.56925232380055, 37.507768227530434], [126.5742958347267, 37.505766760478735], [126.57665405698734, 37.50374491718529], [126.58040292787516, 37.493433650952994], [126.57946859196952, 37.492218931388514], [126.5816221607154, 37.49336236105939], [126.58097194149305, 37.4925372431941], [126.58282192643141, 37.491575966449425], [126.58232113320507, 37.48975184066442], [126.57674961973119, 37.48835080811603], [126.56997398603527, 37.48436188087506], [126.56444270495078, 37.479578441719056], [126.54942232078936, 37.47632636923105], [126.53448751720546, 37.47535521734842], [126.5195260329137, 37.469463270133915], [126.50612507967362, 37.46564079217466], [126.4933326344674, 37.455635025174125], [126.48739248056603, 37.44723177817303], [126.48473576014523, 37.44511447153838], [126.48526685510939, 37.44446059591397], [126.48413109047044, 37.4447178201113], [126.44285425095848, 37.42140321650143], [126.43523522040618, 37.421561943744926], [126.43525281818363, 37.42213542379637]], [[126.49426923605782, 37.507495700076305], [126.49419900860987, 37.50732754438596], [126.49419900953373, 37.50732753744161], [126.49424007694346, 37.507425829362745], [126.49426923605782, 37.507495700076305]], [[126.43625151534215, 37.42196450832707], [126.43622941279908, 37.42201936358511], [126.43622388817407, 37.42203294225384], [126.43625151534215, 37.42196450832707]], [[126.39616092145756, 37.464281818315825], [126.39616150921577, 37.46427060399017], [126.3961374813844, 37.46475530407722], [126.39616092145756, 37.464281818315825]], [[126.40367611122767, 37.462703832676986], [126.40323310500584, 37.46248874053281], [126.40315873606853, 37.46245263068993], [126.40367611122767, 37.462703832676986]], [[126.40436709600452, 37.46266520673586], [126.40460692979337, 37.46268844575808], [126.40436709600452, 37.46266520673586], [126.40436709600452, 37.46266520673586]], [[126.43154864793702, 37.44012171463017], [126.4314014592242, 37.440681604522695], [126.43137645606235, 37.44077500730539], [126.43154864793702, 37.44012171463017]], [[126.42800198820125, 37.43208631327905], [126.42800310627439, 37.43208524545334], [126.42809235983135, 37.432130277798386], [126.42800198820125, 37.43208631327905]], [[126.49440845040702, 37.507099286302186], [126.49440846171649, 37.507099286350744], [126.4943133510475, 37.507168396170805], [126.49440845040702, 37.507099286302186]], [[126.51310557566704, 37.48376243698825], [126.51355976069183, 37.483764313543794], [126.51291215246455, 37.483761637291835], [126.51310557566704, 37.48376243698825]], [[126.54415271249339, 37.48823921315576], [126.54404043309385, 37.48812995654156], [126.54404042189705, 37.488129938478345], [126.54415271249339, 37.48823921315576]], [[126.54152000082925, 37.5208138133566], [126.54151967845851, 37.52081256298899], [126.54153354790382, 37.52086615945012], [126.54152000082925, 37.5208138133566]]], [[[126.39422174243754, 37.43185995199319], [126.39588835618548, 37.43285949841207], [126.39435320478412, 37.43147883934876], [126.39422174243754, 37.43185995199319]]], [[[126.35557028076195, 37.45693429993967], [126.35929728277189, 37.45956293297455], [126.35943217151699, 37.458434869580394], [126.35726807850061, 37.456433030167304], [126.35895367437011, 37.4548532469202], [126.36100985018506, 37.455177727772735], [126.35822927128534, 37.45400314081736], [126.35557028076195, 37.45693429993967]]], [[[126.51012832212137, 37.35934740446468], [126.5132594121532, 37.35943371175421], [126.51266494012577, 37.35716205870763], [126.50983476800077, 37.357092214134994], [126.51012832212137, 37.35934740446468]]], [[[126.51376439580476, 37.36044754074988], [126.51453159571682, 37.360487282684716], [126.5138568069958, 37.36008670627509], [126.51376439580476, 37.36044754074988]]], [[[126.47903680098064, 37.50904631230365], [126.47942386439887, 37.509723854313656], [126.47970236238176, 37.50949055786464], [126.47903680098064, 37.50904631230365]]], [[[126.48912302411348, 37.51754231150852], [126.48810422271967, 37.51612164476894], [126.48636974154876, 37.517087870321106], [126.48912302411348, 37.51754231150852]]], [[[126.58081385227945, 37.524140021726474], [126.58055336585454, 37.523810953556705], [126.58019454036904, 37.52419259428498], [126.58081385227945, 37.524140021726474]]], [[[126.54379555912429, 37.523523490405005], [126.56677437509327, 37.540545706337916], [126.5763556112919, 37.54349500785914], [126.57721164433013, 37.54251195796852], [126.57723111171582, 37.537958084085396], [126.57509153802644, 37.53742131868695], [126.5749939483931, 37.52951057067146], [126.58060018123571, 37.52560624991788], [126.57898334400674, 37.5248899574046], [126.57516587284373, 37.52768233044363], [126.57514186409107, 37.52124615938397], [126.5580907932645, 37.52119833369923], [126.55154283035453, 37.52856340696868], [126.54409985409805, 37.52285748793766], [126.54379555912429, 37.523523490405005]]], [[[126.50131017279585, 37.54023710216006], [126.50362567653971, 37.54050384770267], [126.5038021872941, 37.537218523600856], [126.5028750337905, 37.53975836017222], [126.50131017279585, 37.54023710216006]]], [[[126.50121148254725, 37.54174799364088], [126.50140063912922, 37.54178654606454], [126.50123722419112, 37.54173954335328], [126.50121148254725, 37.54174799364088]]]]}}, {"type": "Feature", "properties": {"code": "28177", "name": "미추홀구"}, "geometry": {"type": "Polygon", "coordinates": [[[126.69294127211259, 37.44841304141772], [126.69403695725188, 37.447473564548865], [126.69321067808444, 37.4466642212725], [126.69595701948477, 37.44480519408318], [126.7029406992836, 37.443193935738314], [126.70207548248202, 37.43901654631397], [126.69532363345898, 37.4386324688175], [126.69772139466308, 37.43358908011103], [126.68725012141594, 37.433582339360726], [126.68552195225638, 37.43020686352834], [126.67720041772334, 37.43141883082469], [126.67579854802358, 37.43036729645091], [126.67103050455796, 37.43129468564741], [126.66814535850912, 37.43304276069044], [126.66470612044147, 37.43319243555753], [126.65973285005266, 37.43558242875748], [126.64979635684077, 37.43476259646914], [126.64895770265667, 37.43526803930253], [126.65066085249008, 37.436634091245296], [126.64987176523694, 37.43672641501728], [126.64752144801551, 37.43603742114856], [126.64603415513533, 37.43085115591387], [126.64298464506292, 37.4313755124327], [126.63584633884942, 37.430201496892906], [126.6343324147633, 37.43213245899037], [126.63234783322953, 37.42998945619391], [126.62901052810527, 37.447890567102846], [126.63149689995166, 37.44698131929301], [126.63263339097556, 37.441583083482094], [126.63083828086037, 37.45010936225751], [126.62913468748498, 37.45178793339125], [126.63270029384718, 37.45363808366033], [126.63771462406154, 37.46020800689555], [126.63883343064013, 37.46334456428094], [126.64409859278832, 37.465942374312604], [126.64186320796199, 37.46927494691529], [126.64227114502063, 37.47028536030571], [126.64931489759367, 37.46927351429415], [126.65356044096436, 37.47021555289402], [126.65218534190225, 37.470644597059675], [126.65374330823585, 37.47352736931273], [126.65198159742657, 37.47520991225584], [126.65449825070021, 37.4784114753447], [126.65300951728966, 37.47953750341775], [126.65257820392864, 37.481402385112894], [126.65498202293446, 37.484033622182935], [126.67031504360389, 37.47684007992269], [126.68344110381807, 37.47340008795258], [126.68576675324373, 37.47159400994658], [126.68434755884923, 37.46951490100137], [126.68724922007438, 37.46898540504764], [126.68680079649471, 37.466186065792115], [126.69268603096475, 37.4657014828189], [126.69294078865389, 37.464539037600574], [126.69399966258312, 37.46457828820121], [126.69723288393735, 37.461257638590254], [126.69460368062903, 37.45877209492675], [126.69491992200892, 37.45448189393703], [126.6942885731151, 37.451281515344824], [126.69272263693611, 37.45136447140025], [126.69294127211259, 37.44841304141772]], [[126.65825596752735, 37.44658097847105], [126.65834125555438, 37.44671681800885], [126.65817066850671, 37.446445138837305], [126.65825596752735, 37.44658097847105]], [[126.659873470571, 37.44665032975803], [126.6598701039941, 37.446669979905], [126.65986441168322, 37.44663446394705], [126.659873470571, 37.44665032975803]], [[126.65373049647675, 37.45937186413425], [126.65359126020921, 37.45960084905029], [126.65364385694215, 37.45951433663961], [126.65373049647675, 37.45937186413425]], [[126.65489039596677, 37.459084104375435], [126.65489028269226, 37.45908415810325], [126.65492712606614, 37.45906527306307], [126.65489039596677, 37.459084104375435]], [[126.67258982437762, 37.45797091192235], [126.67222580455133, 37.457434838648254], [126.67227172859997, 37.45750133434837], [126.67258982437762, 37.45797091192235]], [[126.66386873558646, 37.45744930727095], [126.66386947610324, 37.45744896777419], [126.66390758678693, 37.457431597225145], [126.66386873558646, 37.45744930727095]], [[126.65685821421869, 37.4664071877017], [126.65686655695488, 37.46640213940526], [126.65706898105168, 37.4662797071007], [126.65685821421869, 37.4664071877017]], [[126.66033459596288, 37.46541160648511], [126.66034355115274, 37.465353788151745], [126.66034363265138, 37.46535326580716], [126.66033459596288, 37.46541160648511]], [[126.66035077769773, 37.46530574067461], [126.66037050528345, 37.465250386135786], [126.66037140971669, 37.46524786594714], [126.66035077769773, 37.46530574067461]], [[126.66064153257683, 37.46449067925419], [126.66064706581349, 37.46447943271488], [126.66065181179843, 37.46446979669452], [126.66064153257683, 37.46449067925419]]]}}, {"type": "Feature", "properties": {"code": "28185", "name": "연수구"}, "geometry": {"type": "Polygon", "coordinates": [[[126.5830482828048, 37.35472631735872], [126.64219824878467, 37.354939954389174], [126.64207293597194, 37.34788353121698], [126.64314773453879, 37.34775940593252], [126.64815443991205, 37.34943735634804], [126.65465902790567, 37.35595943368993], [126.61627241894256, 37.379449553663555], [126.60996698358404, 37.387187299794945], [126.60993760390356, 37.392923302282206], [126.60818099651307, 37.393987871870856], [126.60816273249436, 37.39759112647675], [126.60990750212419, 37.39866623454528], [126.6098147091015, 37.41632166980159], [126.59615617069747, 37.41583408328001], [126.58969759567928, 37.41938536627362], [126.58965838542828, 37.42668525687646], [126.59225783771875, 37.42669416721782], [126.59228289483207, 37.42282083713338], [126.60102726238236, 37.4196554584741], [126.60485853859909, 37.42527576937002], [126.6080714008924, 37.42676610794727], [126.63275631376281, 37.426846846253156], [126.6345552902533, 37.41804350053099], [126.63794789702558, 37.41943540473859], [126.63898648966338, 37.41608901210515], [126.63478437241203, 37.43102249115068], [126.63533563077775, 37.431540385399806], [126.63584633884942, 37.430201496892906], [126.64298464506292, 37.4313755124327], [126.64603415513533, 37.43085115591387], [126.64752144801551, 37.43603742114856], [126.64847797216689, 37.43646014054286], [126.65066085249008, 37.436634091245296], [126.64897374299912, 37.435394236726246], [126.64984370512177, 37.43472519249122], [126.6555497043167, 37.43542243221433], [126.6564024996041, 37.434436379063584], [126.65737223739413, 37.435385242772256], [126.65967870548775, 37.435619519715885], [126.67103430423606, 37.43130162500039], [126.67579649522354, 37.430348234527806], [126.67864623634544, 37.431338409323466], [126.68577178732586, 37.43002817087833], [126.68725012141594, 37.433582339360726], [126.6976167136571, 37.43367227118922], [126.69541381566866, 37.4386823567516], [126.70502516946067, 37.438963812504284], [126.70665515234347, 37.43384869281458], [126.70403262262009, 37.42490409444461], [126.69530852006703, 37.4171120907917], [126.69391333020869, 37.41799046581391], [126.69530852006703, 37.4171120907917], [126.68678485820863, 37.41052433075973], [126.68428417381635, 37.40471199503566], [126.67810986619243, 37.40159930960934], [126.66685189071042, 37.392200538356555], [126.6736659003315, 37.38886687096062], [126.68499607310298, 37.387172290408664], [126.68269502202611, 37.384795230356595], [126.69505695360591, 37.38272901701266], [126.69665799620962, 37.38146906899175], [126.69782095639464, 37.37839215260571], [126.69713710091308, 37.37531548543615], [126.68720550816943, 37.36398216735865], [126.68426364056218, 37.36214860318675], [126.67854687274337, 37.36565128440508], [126.66344939630496, 37.350535556611405], [126.65473787366345, 37.35589948595507], [126.64915711110442, 37.35013647278266], [126.64756580194285, 37.34894589385473], [126.64451480072032, 37.347783154148495], [126.64073768515783, 37.34753872023101], [126.6407642455993, 37.3418638129673], [126.62270889807283, 37.34180711303438], [126.62267966393135, 37.347478688886234], [126.6150115568068, 37.34745240871305], [126.61484534687148, 37.34313230024491], [126.61468744352842, 37.34745124129824], [126.58309054829661, 37.34729381282968], [126.5830482828048, 37.35472631735872]], [[126.6391024957131, 37.41594953148402], [126.641020460891, 37.413146685641415], [126.63904813094133, 37.41601489739353], [126.6391024957131, 37.41594953148402]], [[126.64114592511436, 37.41296461411854], [126.64114785197314, 37.41296181826134], [126.64111766720691, 37.41300562159737], [126.64114592511436, 37.41296461411854]], [[126.66118085379273, 37.417649115794816], [126.66216948204767, 37.41637438119554], [126.66237545232684, 37.416295370246004], [126.66118085379273, 37.417649115794816]], [[126.66448032158061, 37.41628543928693], [126.66506829912602, 37.41626218359342], [126.66402998036385, 37.41628332618627], [126.66448032158061, 37.41628543928693]], [[126.66525423816726, 37.416254828209446], [126.6652895483988, 37.4162427957446], [126.66523795592424, 37.416255474022506], [126.66525423816726, 37.416254828209446]], [[126.6658580815621, 37.416074153103914], [126.66585808156209, 37.41607415310389], [126.66601412226785, 37.41595113994834], [126.66641724861786, 37.4158315580093], [126.6658580815621, 37.416074153103914]], [[126.6676794424296, 37.41564715059166], [126.6676796209247, 37.41566879199068], [126.6676794424296, 37.41564715059166], [126.6676794424296, 37.41564715059166]], [[126.66773311587613, 37.415964105400285], [126.667737364836, 37.41597480240527], [126.66773311587613, 37.415964105400285], [126.66773311587613, 37.415964105400285]], [[126.6678901011874, 37.416439820934244], [126.66789671456816, 37.41644907252591], [126.66787669465154, 37.41638688959252], [126.6678901011874, 37.416439820934244]], [[126.66791371067599, 37.41647285541634], [126.6679185549429, 37.41647963215233], [126.6679064690768, 37.41646272088963], [126.66791371067599, 37.41647285541634]], [[126.66797525486511, 37.41655896714489], [126.66797527732665, 37.41655927762459], [126.66797525486511, 37.41655896714489], [126.66797525486511, 37.41655896714489]], [[126.66797841652186, 37.416602566804826], [126.66797894428453, 37.41660987983731], [126.66797731192746, 37.41658735447764], [126.66797841652186, 37.416602566804826]], [[126.66798075784098, 37.416635009677954], [126.66798102189973, 37.41663862597519], [126.66798042080325, 37.416630339460944], [126.66798075784098, 37.416635009677954]], [[126.66798180149745, 37.416649302600234], [126.66798204562332, 37.41665271529855], [126.66798155398924, 37.41664591296451], [126.66798180149745, 37.416649302600234]], [[126.66798433813237, 37.41668432545032], [126.6679864322968, 37.41671314303082], [126.6679879473711, 37.416734136113895], [126.66798433813237, 37.41668432545032]], [[126.66798895556411, 37.41678618670761], [126.66798929299333, 37.416778762461874], [126.66798911774787, 37.41678261827929], [126.66798895556411, 37.41678618670761]], [[126.66825389269668, 37.416777274092276], [126.6683621074102, 37.416777902586716], [126.66813557244973, 37.41678138156782], [126.66825389269668, 37.416777274092276]], [[126.66911809353446, 37.41678229276622], [126.6692335669019, 37.416782966204266], [126.66851645355165, 37.416778799225376], [126.66911809353446, 37.41678229276622]], [[126.6695160630572, 37.41678461830252], [126.66956515363152, 37.416784929990975], [126.66950010257202, 37.41678451804539], [126.6695160630572, 37.41678461830252]], [[126.6697187788566, 37.416806811543076], [126.66971877885663, 37.416806811543076], [126.66971882447571, 37.41680845645087], [126.6697187788566, 37.416806811543076]], [[126.6697784867503, 37.41696382299679], [126.6698255249849, 37.417089477782966], [126.66992677282667, 37.417188807415286], [126.6697784867503, 37.41696382299679]], [[126.6700112975849, 37.41728074207949], [126.67001146432915, 37.41728092501219], [126.67000735384912, 37.4172761901251], [126.6700112975849, 37.41728074207949]], [[126.67008616959943, 37.41736285355927], [126.67010946982653, 37.417388387006646], [126.6700810979518, 37.41735729675443], [126.67008616959943, 37.41736285355927]], [[126.67091878317355, 37.417449699136235], [126.67157075096846, 37.41729761827084], [126.67060645705921, 37.41752281592631], [126.67091878317355, 37.417449699136235]], [[126.67265260888318, 37.41694627622739], [126.67282781279599, 37.41679303750141], [126.67225253499915, 37.41711222590772], [126.67265260888318, 37.41694627622739]], [[126.67377748021667, 37.41581519348902], [126.67519186620534, 37.41427416532491], [126.67566435145665, 37.41367972191099], [126.67377748021667, 37.41581519348902]], [[126.68882745837632, 37.42664537918177], [126.68899038530459, 37.426149698741284], [126.68899038530459, 37.42614969874127], [126.68884018643053, 37.42661599589644], [126.68882745837632, 37.42664537918177]], [[126.69067020505396, 37.424618676781506], [126.68977988075638, 37.425157702622684], [126.69004857923065, 37.424942881029075], [126.69031107901543, 37.424740458369804], [126.69054516393436, 37.424633728388685], [126.69067020505396, 37.424618676781506]], [[126.69074475716697, 37.424628108358604], [126.69074475716697, 37.4246281083586], [126.690850672402, 37.42452679099331], [126.69074475716697, 37.424628108358604]], [[126.69123363296822, 37.4241791052858], [126.6914151427751, 37.424112006011924], [126.69144403493365, 37.42409681833252], [126.6914151427751, 37.424112006011924], [126.69123363296822, 37.42417910528581], [126.69120300866551, 37.42420574200315], [126.69123363296822, 37.4241791052858]], [[126.69200515537592, 37.42380320031864], [126.69200515537592, 37.42380320031864], [126.69188322072621, 37.4238666909429], [126.69200515537592, 37.42380320031864]], [[126.69141003987096, 37.42341430401726], [126.69143716570429, 37.42310820690131], [126.69145303830403, 37.422930119442064], [126.69143716570429, 37.42310820690129], [126.69142922547408, 37.4231981966751], [126.69141098000016, 37.42340375861124], [126.69141003987096, 37.42341430401726]], [[126.6959646465344, 37.423193156613166], [126.69618226513929, 37.42319985563639], [126.69431617438836, 37.42309711681928], [126.6959646465344, 37.423193156613166]], [[126.69802486430113, 37.42301748489046], [126.69814689454411, 37.42326031526859], [126.69814689454411, 37.42326031526859], [126.69802486430113, 37.42301748489046]], [[126.69736776735095, 37.421628841828124], [126.69618363089491, 37.42012173785041], [126.69412835063561, 37.41819232587379], [126.69618363089491, 37.42012173785039], [126.69736776735095, 37.421628841828124]], [[126.64137278462772, 37.412698742320025], [126.64148246474264, 37.4125573118493], [126.64133197741947, 37.41270573136748], [126.64137278462772, 37.412698742320025]], [[126.64153187100312, 37.41248668815136], [126.64155461480017, 37.41242878705893], [126.64150849246586, 37.41250467013603], [126.64153187100312, 37.41248668815136]], [[126.64158714315786, 37.41237282492203], [126.64158714315786, 37.41237282492204], [126.64158486699453, 37.41237121485273], [126.64158714315786, 37.41237282492203]], [[126.64184345396542, 37.4121574532046], [126.64203827106103, 37.41199463057235], [126.64178475267508, 37.41220663741406], [126.64184345396542, 37.4121574532046]], [[126.6441046128676, 37.41027815946754], [126.64436883188115, 37.410058912781835], [126.6444132912492, 37.4100218569447], [126.6441046128676, 37.41027815946754]], [[126.64465221739007, 37.409823524157254], [126.64609404201461, 37.408622268344345], [126.64461490965664, 37.409854427299955], [126.64465221739007, 37.409823524157254]], [[126.64640191520546, 37.40836409360643], [126.6465638733242, 37.408232962371834], [126.64682920573303, 37.408011190151385], [126.6465467500976, 37.40824732709882], [126.64640191520546, 37.40836409360643]], [[126.64720421670279, 37.407698682623405], [126.64849800246083, 37.40662585761361], [126.64870878373317, 37.40645151822136], [126.64720421670279, 37.407698682623405]], [[126.64999567321848, 37.40538623837042], [126.6515563666685, 37.40408519322857], [126.65169219052831, 37.403971518389], [126.65245722381819, 37.403334447959104], [126.65066842414814, 37.4048290387866], [126.64999567321848, 37.40538623837042]], [[126.6542949364418, 37.401807658517015], [126.6545945205359, 37.401558443788495], [126.65439320430784, 37.4017262344903], [126.6542949364418, 37.401807658517015]], [[126.65483546149169, 37.40136217260343], [126.65500892183532, 37.40121698630808], [126.65478079527242, 37.40140731932282], [126.65483546149169, 37.40136217260343]], [[126.6551970075032, 37.40105958281961], [126.65519769555303, 37.401059774046715], [126.65509883475133, 37.40114183673727], [126.6551970075032, 37.40105958281961]], [[126.65746453907433, 37.39917806976004], [126.65570093994093, 37.40064479120938], [126.65561186693463, 37.40071885260647], [126.65570093994093, 37.40064479120938], [126.65746453907433, 37.39917806976004]], [[126.66558073054541, 37.3933372557481], [126.66175939191726, 37.39559786582953], [126.66191423422795, 37.395494694391594], [126.66558073054541, 37.3933372557481]], [[126.66120910658798, 37.41772346504931], [126.66096490320678, 37.4190875352264], [126.65965894326861, 37.42014643170248], [126.66120910658798, 37.41772346504931]], [[126.65978858555832, 37.42018507692628], [126.6595768992817, 37.42167346367527], [126.65949171096202, 37.421978872060045], [126.65978858555832, 37.42018507692628]], [[126.65933479150118, 37.42258740181096], [126.65900855914035, 37.42314016110102], [126.65906777660068, 37.423022958995325], [126.65933479150115, 37.42258740181099], [126.65934905368469, 37.42249513142761], [126.65933479150118, 37.42258740181096]], [[126.65870975348223, 37.42372982394718], [126.65862218776329, 37.42400978921145], [126.65872568396755, 37.423709704742414], [126.65870975348223, 37.42372982394718]], [[126.65910035547644, 37.424489756199506], [126.65910035547644, 37.424489756199506], [126.65896665614801, 37.42435546786461], [126.65910035547644, 37.424489756199506]], [[126.659273177927, 37.424802960113375], [126.6606706314267, 37.42576127942766], [126.66068898880911, 37.42579310927332], [126.65961375536693, 37.425113729091514], [126.659273177927, 37.424802960113375]], [[126.66094338302064, 37.42662376765142], [126.66092741368637, 37.42628546783004], [126.66095208952366, 37.42637241389557], [126.66097247272577, 37.42644678756916], [126.6610007792002, 37.42655281837255], [126.66094338302064, 37.42662376765142]], [[126.66065011297214, 37.42698535374615], [126.66065011297214, 37.42698535374615], [126.6606565179371, 37.42697762207235], [126.66065011297214, 37.42698535374615]], [[126.660222372102, 37.42870624247329], [126.6604174111193, 37.42745117823521], [126.66046184399748, 37.42756862636761], [126.6604268918716, 37.427734688976344], [126.660222372102, 37.42870624247329]], [[126.65905943890988, 37.43002870297627], [126.65830845726437, 37.43129445725645], [126.65830845726437, 37.43129445725645], [126.65881671041603, 37.43041398295731], [126.65891459553124, 37.43025860002198], [126.65905943890988, 37.43002870297627]], [[126.65760446236999, 37.43138301635097], [126.65760446236999, 37.431383016350956], [126.65813513956871, 37.43131626017888], [126.65760446236999, 37.43138301635097]], [[126.65743777027505, 37.43140397521046], [126.65701321276929, 37.43317294281728], [126.65695278082606, 37.43330987256297], [126.6564233157983, 37.43439376826338], [126.65640388126509, 37.43443355080181], [126.65701321276927, 37.43317294281728], [126.65697312973414, 37.43256296295442], [126.65743777027505, 37.43140397521046]]]}}, {"type": "Feature", "properties": {"code": "28200", "name": "남동구"}, "geometry": {"type": "MultiPolygon", "coordinates": [[[[126.66996638001031, 37.38802068858315], [126.67046471101604, 37.38845366926884], [126.67061438583222, 37.3883126292961], [126.66996638001031, 37.38802068858315]]], [[[126.66685187941798, 37.39220053832459], [126.67810986619243, 37.40159930960934], [126.68428417381635, 37.40471199503566], [126.68678485820863, 37.41052433075973], [126.69865398026188, 37.41951351454915], [126.7040320439945, 37.42490185849121], [126.70561255207343, 37.42846568470879], [126.70662915420338, 37.43430362681583], [126.70486365417989, 37.43717123621706], [126.70499210455573, 37.43896436026875], [126.70241064572865, 37.43938453630077], [126.7029406992836, 37.443193935738314], [126.69603786914408, 37.44476485788821], [126.69320835289409, 37.44666079139444], [126.69402578520399, 37.44753319992604], [126.69280989391059, 37.448144334558044], [126.69272263693611, 37.45136447140023], [126.6942885731151, 37.451281515344824], [126.69491992200895, 37.45448189393703], [126.69460368062907, 37.45877209492675], [126.6952381400906, 37.460285711482655], [126.69722871110365, 37.461263718615186], [126.69400048520784, 37.4645761459601], [126.69296330411473, 37.46453379850423], [126.69268605145949, 37.46570199644276], [126.68680076054454, 37.466186552236536], [126.6872491615176, 37.468985891431856], [126.68434748904527, 37.46951536933386], [126.68607041334552, 37.47204118505388], [126.68828431037605, 37.47068611431122], [126.6940199585717, 37.46974903768701], [126.69775948133696, 37.46807200078525], [126.69825644507573, 37.46882349496678], [126.70324851442444, 37.467657989098846], [126.70488714662883, 37.46960077794794], [126.70799731401227, 37.469327287668634], [126.70764353609049, 37.47058383528359], [126.71087398988999, 37.47986605529989], [126.71184688812438, 37.47742598033945], [126.71938545235062, 37.47412324374144], [126.72361153293966, 37.469194136820036], [126.72355331307824, 37.47001019829501], [126.72655512357022, 37.47040054261016], [126.72749847679904, 37.47175305415162], [126.73088251245159, 37.473039047735355], [126.73284486330091, 37.47193030370868], [126.73889816635588, 37.47096995674198], [126.74185042435532, 37.46936658147044], [126.74289578036826, 37.46698147299678], [126.7447801980632, 37.46642736644133], [126.74478619217669, 37.46525616752464], [126.74625024346824, 37.46444241868719], [126.74896613309572, 37.4658029639702], [126.75359948124745, 37.46499842230977], [126.75705998733555, 37.46907500490142], [126.76604885380029, 37.46971470517361], [126.76775760227494, 37.471764370495116], [126.77282432213963, 37.47237955003494], [126.77459521526154, 37.471421172203044], [126.77819714234313, 37.47179511989719], [126.77786708326286, 37.470022694515116], [126.7794335766898, 37.46830063606248], [126.77981956746261, 37.46583076829381], [126.77774396296479, 37.46278772122743], [126.77883771668671, 37.45970159079946], [126.7773699984049, 37.4571629695807], [126.7804319862997, 37.45497819886787], [126.77902255192555, 37.45102092970578], [126.77374213585955, 37.45051658970755], [126.7709658757967, 37.44880212753356], [126.77033311859087, 37.44750048048024], [126.77111046382468, 37.44641371050568], [126.76823351594629, 37.44350792998687], [126.77120242159623, 37.43647939096954], [126.77071336166263, 37.43369515518079], [126.76899963635574, 37.43199788555313], [126.77109462398327, 37.431496621619], [126.77076036679333, 37.42980749071609], [126.76920582978853, 37.4275060835751], [126.76732090911692, 37.42670688270795], [126.76452528447413, 37.42603417822636], [126.76216641985432, 37.42634790535277], [126.7624552848808, 37.42695785048197], [126.76053745515362, 37.426308393664854], [126.75898094839111, 37.426901686905325], [126.7583790115972, 37.4250147129548], [126.75498178701712, 37.42270728639548], [126.75324517744603, 37.422697849829405], [126.75506048737086, 37.41801423114956], [126.75270347802856, 37.416455197763625], [126.75168507428755, 37.41104713628204], [126.74916330746288, 37.408107136535435], [126.74995975034432, 37.40839841839477], [126.75077108807811, 37.40805537904559], [126.74978021292397, 37.40829450118401], [126.74325659395376, 37.40526639890858], [126.74399928705887, 37.40098701729672], [126.74195104791573, 37.400411622122746], [126.73883494732497, 37.397088558387146], [126.73787434113738, 37.39782174551037], [126.72632564064514, 37.386406879366234], [126.72113995873363, 37.382503996507715], [126.71893320533904, 37.38343895238156], [126.71584073592696, 37.382663805366626], [126.7178513199493, 37.38195743846103], [126.71703670762987, 37.38119971138482], [126.6852443409626, 37.386724800042664], [126.68448716293197, 37.385774366984286], [126.68499606181128, 37.38717229037845], [126.67319385473297, 37.389004497429895], [126.66685187941798, 37.39220053832459]], [[126.72720918456261, 37.444519576175715], [126.72730483872012, 37.44459510407471], [126.72742733350623, 37.44469184071268], [126.72720918456261, 37.444519576175715]], [[126.72688150469962, 37.44443295856442], [126.72694280415763, 37.44445304020414], [126.72698967888327, 37.44446840308763], [126.72688150469962, 37.44443295856442]], [[126.72661757939812, 37.44434368531071], [126.72664439528762, 37.444353461401064], [126.72671376663078, 37.444378769736154], [126.72661757939812, 37.44434368531071]], [[126.72639250139558, 37.44426271184444], [126.72634694439313, 37.44424554077252], [126.72653412570986, 37.44431324537314], [126.72639250139558, 37.44426271184444]], [[126.72574260620584, 37.44398436373419], [126.72558547884518, 37.44393384712717], [126.72589194856127, 37.44403159133287], [126.72574260620584, 37.44398436373419]], [[126.7130515344295, 37.43742286069916], [126.71304983692254, 37.43741764874616], [126.71305323197127, 37.43742806364216], [126.7130515344295, 37.43742286069916]], [[126.7234105250186, 37.43240936893584], [126.72338646289127, 37.432292235569705], [126.72342110276138, 37.43246375152829], [126.7234105250186, 37.43240936893584]], [[126.72288057480553, 37.430765721518284], [126.72290836339344, 37.43062391452465], [126.72290062964133, 37.430890675317706], [126.72288057480553, 37.430765721518284]], [[126.7228694780813, 37.43041866368305], [126.72284943191573, 37.43031580257054], [126.72290836339344, 37.43062391452465], [126.7228694780813, 37.43041866368305]], [[126.72204932821973, 37.42849215935055], [126.72205301806477, 37.42839005696625], [126.7220659668123, 37.42854172702872], [126.72204932821973, 37.42849215935055]], [[126.72187706465994, 37.4281615600115], [126.72192234813888, 37.42824027996841], [126.72195811242942, 37.42830247095119], [126.72187706465994, 37.4281615600115]], [[126.72177620869475, 37.4280366670967], [126.72170615306263, 37.42797507065381], [126.72182935343461, 37.428085546323494], [126.72177620869475, 37.4280366670967]], [[126.72146491762136, 37.42775687022223], [126.72145175550075, 37.42759308102671], [126.72148452508486, 37.427782586174736], [126.72146491762136, 37.42775687022223]], [[126.72173361454573, 37.42567465729944], [126.7216863399996, 37.425967489897985], [126.72160348056022, 37.42639599296394], [126.72173361454573, 37.42567465729944]], [[126.74117061959, 37.420917055329326], [126.74026174115473, 37.423224415516145], [126.73976481107808, 37.42448047653786], [126.74117061959, 37.420917055329326]], [[126.73973700809019, 37.42454110499852], [126.73976230202517, 37.42459335638526], [126.73974445479915, 37.42452548595892], [126.73973700809019, 37.42454110499852]], [[126.7089382755354, 37.40072318259177], [126.70895151518485, 37.40071654786883], [126.71081927695292, 37.3997867157329], [126.7089382755354, 37.40072318259177]], [[126.71136093521491, 37.39952053587187], [126.71122164712222, 37.399588580755974], [126.71104784818421, 37.399673389614996], [126.71136093521491, 37.39952053587187]], [[126.71809632206974, 37.399692898857516], [126.71805681139739, 37.399652285680645], [126.71810017234901, 37.39969613370563], [126.71809632206974, 37.399692898857516]], [[126.7185541330818, 37.399714853641605], [126.71866239442677, 37.39976307347428], [126.71855276882022, 37.399714246699595], [126.7185541330818, 37.399714853641605]], [[126.71869292772195, 37.39971632095388], [126.71868990488458, 37.399715286571336], [126.71873871813732, 37.39972686417202], [126.71869292772195, 37.39971632095388]], [[126.71623626661624, 37.397323649835606], [126.71627807096397, 37.3973663685223], [126.71660370978778, 37.397699185280366], [126.71623626661624, 37.397323649835606]], [[126.71068299262097, 37.383232983112386], [126.7124748008296, 37.38302807025256], [126.71319483664755, 37.383206786836546], [126.71102447564601, 37.384485555289004], [126.71068299262097, 37.383232983112386]], [[126.7146145316613, 37.38319532750791], [126.71474723262268, 37.38293281464889], [126.71473235287355, 37.38282848623535], [126.71473283912545, 37.38277492215027], [126.7146145316613, 37.38319532750791]], [[126.7156143504903, 37.38266601543153], [126.71562727743566, 37.38268127381192], [126.71561428448176, 37.3826660117651], [126.7156143504903, 37.38266601543153]], [[126.73857436933282, 37.424894350870666], [126.73867224780567, 37.4244525160936], [126.73863693873622, 37.42461215022655], [126.73857436933282, 37.424894350870666]], [[126.73867224780567, 37.4244525160936], [126.73869257631192, 37.4243284384521], [126.73866797301389, 37.424263069697034], [126.73867224780567, 37.4244525160936]], [[126.73854933659436, 37.42300046674505], [126.73868729457453, 37.422904644975446], [126.73869655683713, 37.42282748521737], [126.73868731713736, 37.422904654035705], [126.73861763570184, 37.42298223807816], [126.73854934786, 37.4230004757802], [126.73855708498564, 37.423071978965176], [126.73854933659436, 37.42300046674505]]]]}}, {"type": "Feature", "properties": {"code": "28237", "name": "부평구"}, "geometry": {"type": "Polygon", "coordinates": [[[126.75171953390206, 37.48470929651794], [126.75555007269729, 37.482913154175925], [126.75496790981116, 37.4809285891628], [126.75834352395869, 37.4787785010143], [126.7591590655331, 37.47692021522492], [126.76515943486162, 37.47518216738965], [126.76775324479047, 37.47176241571302], [126.7660849360287, 37.46977991946172], [126.75708152693676, 37.46918453012312], [126.75434832237517, 37.46539260241786], [126.75289175713695, 37.464847134949906], [126.74892769741948, 37.46588117886857], [126.7462599949695, 37.46453319766159], [126.74506773194, 37.46618589164616], [126.74290747671105, 37.466943007814635], [126.74189708959045, 37.46935963817213], [126.73884723098898, 37.47115015178659], [126.73088259788625, 37.473037299990644], [126.72749852744366, 37.471751567618526], [126.72599862413333, 37.47018086194368], [126.72243731056368, 37.469987646876284], [126.71942466653036, 37.47404573424682], [126.7156649554511, 37.47635800748554], [126.71182931743033, 37.47739429417557], [126.71087398988999, 37.47986605529989], [126.70764652555393, 37.47057964405737], [126.70800048490514, 37.46932293470302], [126.70488892509725, 37.46959698019131], [126.70461264234505, 37.46836391621361], [126.7034186656857, 37.46853097423058], [126.70302059916189, 37.46764500685829], [126.69825644507573, 37.46882349496678], [126.69775948133696, 37.46807200078525], [126.69029779009914, 37.4707445571217], [126.68823310648071, 37.47070927842759], [126.68423118560584, 37.47355530974655], [126.69102922970846, 37.47903117662986], [126.69009177711116, 37.483158083025806], [126.69275064652747, 37.48410784702632], [126.69233244933015, 37.485097148054535], [126.69348791755496, 37.48542951660651], [126.69959752672878, 37.485409030078685], [126.69751706029486, 37.48776461520917], [126.69750642233457, 37.49038977786142], [126.6947075261059, 37.49175637363951], [126.69467445101905, 37.49285389967925], [126.69144026250719, 37.492550911152534], [126.69120335343123, 37.49358171366221], [126.69281375724827, 37.49531656575509], [126.68893609739659, 37.498570686328975], [126.69216550004403, 37.50167599730785], [126.69113726139689, 37.50362817076005], [126.68858890355867, 37.50522827249566], [126.6888890874318, 37.50774426460642], [126.6868190392872, 37.509110918736255], [126.68679264747139, 37.51225864937045], [126.68329674552345, 37.5145256152522], [126.6832723468792, 37.517024461578785], [126.68619384738558, 37.520558329729916], [126.68615263338266, 37.52173669904288], [126.68916836060022, 37.52352247717772], [126.76039489780062, 37.524085226857025], [126.76027598122134, 37.515915621540785], [126.75345110756008, 37.516734950473854], [126.75205038149267, 37.51644439425342], [126.75239471680565, 37.51542130343698], [126.75031534025918, 37.51493512015348], [126.74988031974164, 37.5139804378125], [126.74595349061751, 37.51510033131341], [126.74365256363635, 37.510253143804206], [126.74147042862869, 37.508987976654055], [126.74376007590949, 37.50161563465926], [126.74175717836869, 37.49507998696806], [126.74231013067953, 37.48694869742168], [126.75171953390206, 37.48470929651794]], [[126.71295729231709, 37.490789283152715], [126.71292329469028, 37.490788281097906], [126.7129227293928, 37.490788261697155], [126.71295729231709, 37.490789283152715]], [[126.7334316822881, 37.5040136688994], [126.73355483102158, 37.50384272310958], [126.73342786147109, 37.504019498679554], [126.7334316822881, 37.5040136688994]], [[126.73372286590526, 37.50362435142755], [126.7337260795638, 37.50362068265041], [126.7337202313373, 37.50362737280052], [126.73372286590526, 37.50362435142755]], [[126.7497101532066, 37.47915839025171], [126.74969660885417, 37.47918201262772], [126.74979784454929, 37.47900541616277], [126.7497101532066, 37.47915839025171]], [[126.75152571449698, 37.48172369662304], [126.7515097371127, 37.481700507137774], [126.75160008832023, 37.48183161346209], [126.75152571449698, 37.48172369662304]], [[126.75190714976671, 37.48227717592957], [126.75189544867904, 37.482259942126404], [126.75189691187666, 37.4822619274157], [126.75190714976671, 37.48227717592957]], [[126.73272302826933, 37.517499368884955], [126.73272262096252, 37.517499394987894], [126.73258296041216, 37.51750822217831], [126.73272302826933, 37.517499368884955]]]}}, {"type": "Feature", "properties": {"code": "28245", "name": "계양구"}, "geometry": {"type": "Polygon", "coordinates": [[[126.76039683969803, 37.524079392387186], [126.6891581334342, 37.523574221107395], [126.68753680300892, 37.52619676248946], [126.68689924165349, 37.53066737685668], [126.68295963525155, 37.531167975412444], [126.68361608335191, 37.53517897834539], [126.69165237477493, 37.536128572494285], [126.69254586523626, 37.5370605725445], [126.69268508222227, 37.54113366944514], [126.69482858781197, 37.54185833480569], [126.69774951732161, 37.54210288044393], [126.69987613178165, 37.54056246850583], [126.70396268703594, 37.5420568820524], [126.70634858280835, 37.54190194390576], [126.7072543320633, 37.54280761704348], [126.70591107787028, 37.544886582615206], [126.70833910226035, 37.54611161907291], [126.7120125412139, 37.55260039018331], [126.70648877922076, 37.55710175406294], [126.70220598997939, 37.55633890370052], [126.6996818832402, 37.55860637943466], [126.7023416343842, 37.56061759088853], [126.70325708572766, 37.56415060046689], [126.70318530402238, 37.564780649534526], [126.70019391388395, 37.565245565909116], [126.69950739951562, 37.56759286052995], [126.69847541842076, 37.56769386554515], [126.70065413865356, 37.57186023017574], [126.69785197619447, 37.5737442578672], [126.69083261335477, 37.575179722681064], [126.68909925097613, 37.57720765901292], [126.68590323993328, 37.57600570633373], [126.68230162487464, 37.57709626751993], [126.68105692027791, 37.58003278467853], [126.68192195974282, 37.58366465649443], [126.6861934307471, 37.5840471229596], [126.6951445253316, 37.58129519836897], [126.70166524990667, 37.58020517368734], [126.70291548094873, 37.5806894135994], [126.70433114963969, 37.579610517664236], [126.70772578750622, 37.57986148718266], [126.71359643380852, 37.577567748284764], [126.71790061001184, 37.58166271319608], [126.71819783168819, 37.587453602104404], [126.72225655570539, 37.59066731970805], [126.72920555553026, 37.59275393959927], [126.73625240242988, 37.59048278003125], [126.73677418640668, 37.5929736893478], [126.73901285552421, 37.593702943444555], [126.73909624321645, 37.592640546820014], [126.74432398918235, 37.59249545359502], [126.74525860025034, 37.58871658561104], [126.74960992749207, 37.58428321283573], [126.74952529435512, 37.581083350671754], [126.75176120403133, 37.57957362904215], [126.75572539622199, 37.580328297584714], [126.75565034963853, 37.582893116624795], [126.75798469586488, 37.58532814259228], [126.76317712927695, 37.58496205728916], [126.76751630928432, 37.58839540351659], [126.77275162945412, 37.58509513683886], [126.78228788379599, 37.58400915740049], [126.78411314062437, 37.582585022629154], [126.78704780178963, 37.58557943265513], [126.79375071646375, 37.58166426401255], [126.79287377847471, 37.58016263186202], [126.79324491534354, 37.576890062440576], [126.79137711920393, 37.58140923756118], [126.7906209254276, 37.57778382149749], [126.78849509725903, 37.576794353927], [126.78923684156719, 37.57557204373552], [126.78807799450735, 37.576159982630024], [126.78238531062478, 37.57353465919102], [126.78137108902143, 37.571261314915766], [126.78264415399437, 37.570547956558144], [126.78050820281405, 37.57045413111916], [126.78166424901578, 37.56920706309148], [126.78029843451247, 37.56761643313386], [126.7792012554488, 37.56841618716767], [126.7789706845388, 37.56728208650259], [126.77674861461196, 37.566046759970135], [126.77555719068185, 37.56826670609392], [126.77478786551444, 37.56769396076685], [126.7753719592939, 37.56534394730834], [126.77712607289459, 37.56371520118345], [126.77665137492487, 37.562374962563204], [126.77752958567741, 37.56227920807767], [126.7778658194531, 37.55993073670983], [126.77577683356688, 37.561936522142744], [126.77430816315936, 37.559747936408606], [126.77179020850943, 37.55863466920111], [126.7732076027679, 37.557525743433466], [126.77240583877673, 37.55697731774289], [126.76652269721964, 37.557046691594216], [126.7667485837682, 37.556328341697984], [126.76450222042658, 37.555372212342526], [126.7663619697263, 37.55485945718685], [126.76566199014815, 37.55393055666523], [126.76661193312526, 37.55322903953573], [126.763846174884, 37.55086344632376], [126.76565954699967, 37.550022756453565], [126.76371666725345, 37.549827282562156], [126.76452372028882, 37.549061226300644], [126.7623581234541, 37.5435513095486], [126.7638885744108, 37.54290391130471], [126.76145919236417, 37.54189617784647], [126.76266404320639, 37.540970249496006], [126.76163692641785, 37.54054133245302], [126.76226843949779, 37.53931881611907], [126.76090072739963, 37.53896447986755], [126.7618167387191, 37.53771154182323], [126.76068934475765, 37.53768410155908], [126.76014346521949, 37.53549311951781], [126.76039683969803, 37.524079392387186]], [[126.73348733736148, 37.56915353435623], [126.7334742491534, 37.56909754443267], [126.7335818605476, 37.56928741911375], [126.73348733736148, 37.56915353435623]], [[126.72902131699446, 37.55037476375215], [126.72902132570559, 37.55037476408535], [126.72893218438108, 37.55038527078402], [126.72902131699446, 37.55037476375215]], [[126.71611196509575, 37.57735351193295], [126.71611195367214, 37.57735353893484], [126.71608450870244, 37.57734794371816], [126.71611196509575, 37.57735351193295]], [[126.73043519193288, 37.5798454616556], [126.73043515479378, 37.579845334767036], [126.7306460342984, 37.57988456112228], [126.73043519193288, 37.5798454616556]], [[126.73354102183768, 37.579504105502785], [126.73358163581125, 37.579515045534684], [126.73373962431666, 37.57955762411021], [126.73354102183768, 37.579504105502785]], [[126.73731035916508, 37.58019924532718], [126.73731398974655, 37.58018977124413], [126.73731644630378, 37.58018338876619], [126.73731035916508, 37.58019924532718]], [[126.72908323437767, 37.57907813427591], [126.72908939957657, 37.57904755103093], [126.72907697414524, 37.57911786580628], [126.72908323437767, 37.57907813427591]], [[126.72722213430944, 37.581502966781095], [126.72722213434253, 37.581502957771356], [126.72734629660178, 37.581245835213785], [126.72722213430944, 37.581502966781095]], [[126.73088568429063, 37.58740707736059], [126.73086576193197, 37.58745275655366], [126.7308857301982, 37.587406906279135], [126.73088568429063, 37.58740707736059]]]}}, {"type": "Feature", "properties": {"code": "28275", "name": "서해구"}, "geometry": {"type": "MultiPolygon", "coordinates": [[[[126.60935545504059, 37.513361246615375], [126.61078454177944, 37.51243276274211], [126.61350083310948, 37.512642817667334], [126.6130858335278, 37.51503896411131], [126.6027557592402, 37.51682330972584], [126.6026954657071, 37.526898062018134], [126.61102623057683, 37.52692869188543], [126.6108882238022, 37.527725160301415], [126.60265985384498, 37.52780730971997], [126.60262241604612, 37.53326573064744], [126.59928032723765, 37.533263315125325], [126.59873938645526, 37.53882227517319], [126.60496547461427, 37.53884902188671], [126.60503019974111, 37.53972418768751], [126.5986585104695, 37.53970118225466], [126.59664597806793, 37.54856793088011], [126.59834501041192, 37.549066853284224], [126.59766940227252, 37.55022618488326], [126.6065313434615, 37.55336284709696], [126.60729399246551, 37.55442737755124], [126.6105126145857, 37.5525179092775], [126.6156241885765, 37.55392732337833], [126.61040598296725, 37.552674868140635], [126.6086909293584, 37.554313472554476], [126.63034869928327, 37.55809724476523], [126.63675025036892, 37.56088601073364], [126.63683953333701, 37.560030080827296], [126.63444163687059, 37.55864596374548], [126.63845713529346, 37.55673043305253], [126.63952392575699, 37.5591723326329], [126.63873926036455, 37.56123019715217], [126.63726785565994, 37.56027475891809], [126.63689260152165, 37.56110106494084], [126.6402710834229, 37.56340967197831], [126.63853408232112, 37.56479816711], [126.64073120067053, 37.56701663665961], [126.64606733047185, 37.56628789773941], [126.6514409039726, 37.56797491796314], [126.652199973324, 37.56925709480091], [126.65759852097588, 37.56773329779611], [126.65784194277907, 37.56884073929236], [126.66109798085074, 37.57052261471079], [126.66098865647422, 37.572191137257036], [126.66694803187198, 37.572407752709715], [126.67016382783189, 37.57016438962481], [126.67233294207514, 37.57018835105752], [126.67370564038072, 37.56905635380298], [126.68375530368984, 37.57063134229327], [126.68652229067904, 37.56978628180039], [126.6859982966621, 37.56934836465782], [126.6880682718067, 37.56732701427577], [126.69003594436312, 37.56730231809895], [126.6917727243388, 37.56547768941094], [126.70271519126545, 37.562707499947486], [126.70239126441548, 37.560611761112725], [126.69957696221327, 37.559059487530696], [126.69999788369378, 37.558263820861455], [126.70222888375527, 37.55628260500435], [126.70646951584591, 37.55713360086253], [126.71200492726868, 37.55256470141616], [126.70836226672756, 37.5460911250323], [126.70587874032353, 37.544834379468405], [126.70731236704748, 37.54281942944815], [126.70629386590569, 37.54184947768234], [126.70387933840904, 37.5420059012801], [126.70310047343123, 37.54112773279179], [126.69984669235289, 37.54055352757369], [126.69775824403979, 37.54213010374635], [126.69266986920587, 37.54116794832929], [126.69257752169271, 37.53701700241503], [126.69159808257322, 37.5360672077826], [126.68450590369704, 37.53558582444094], [126.68248446986256, 37.53221123775814], [126.68298739870778, 37.53115731949962], [126.68698087123082, 37.53072054548555], [126.68750543667286, 37.52616072054663], [126.689156361297, 37.52356514343577], [126.68611244577751, 37.52171149010577], [126.68327383631268, 37.51708925595728], [126.68327277968227, 37.51452243325165], [126.68681127817563, 37.512277025209464], [126.68680653024515, 37.509154015981046], [126.68890483960467, 37.50775574891625], [126.6885928415886, 37.50515185157475], [126.69095995974342, 37.50371392998845], [126.69217699957112, 37.50162160732193], [126.68919378164591, 37.4985447434205], [126.69282623170407, 37.49527771136259], [126.69154996712393, 37.49257072361026], [126.69453838750918, 37.49280904601691], [126.69467718015066, 37.49174167165884], [126.697535731126, 37.490331162337306], [126.69772213503656, 37.48769201773667], [126.69963979620388, 37.485767419784715], [126.69960656771983, 37.48497175395583], [126.69321855961583, 37.48541302861473], [126.69254926925505, 37.484121195984216], [126.68981642369555, 37.48301929707669], [126.6909865586302, 37.47902928953174], [126.6842136245399, 37.47356175879711], [126.68802316037716, 37.470934097702994], [126.68343995089282, 37.473400048809296], [126.67437178431007, 37.47560715597456], [126.67443007848222, 37.47693944358759], [126.6713170177015, 37.477787058152394], [126.66427397629893, 37.48308878317703], [126.64076483600002, 37.49577919135129], [126.64075541816452, 37.49748018829041], [126.63945813764396, 37.49829132915358], [126.63946356843776, 37.50422373204472], [126.63075805382547, 37.504242204153925], [126.6307460461766, 37.5004586790654], [126.62663998519015, 37.49739566792366], [126.62270054015434, 37.49730412084739], [126.6227349056842, 37.496269817836755], [126.60453321303432, 37.49589317032404], [126.60417152027503, 37.50959237537871], [126.60541131019936, 37.51070426308959], [126.60324776318777, 37.512984298641456], [126.60279603868331, 37.51637474346278], [126.61007368142289, 37.515303750743584], [126.60935545504059, 37.513361246615375]], [[126.59808792691445, 37.549621540791186], [126.5982451820706, 37.549671208664506], [126.59824515909864, 37.54967127165502], [126.59808792691445, 37.549621540791186]], [[126.63567765299469, 37.5549806999505], [126.63417252804375, 37.552905334880755], [126.63628311891375, 37.55581544518994], [126.63567765299469, 37.5549806999505]], [[126.63269644271719, 37.55086994624583], [126.6326771673569, 37.550797098856], [126.63289761742298, 37.55057256182341], [126.63269644271719, 37.55086994624583]], [[126.63686291710187, 37.54965670159228], [126.63697632085228, 37.54963051769039], [126.63686291708706, 37.54965670463062], [126.63686291710187, 37.54965670159228]], [[126.64064943669864, 37.5487005393193], [126.64013694209031, 37.54881474880195], [126.64013683839181, 37.54881474634762], [126.64064943669864, 37.5487005393193]], [[126.64116083010444, 37.54854207679583], [126.64117642426089, 37.54853726806497], [126.64064943669864, 37.5487005393193], [126.64116083010444, 37.54854207679583]], [[126.64183610847623, 37.54762847184019], [126.6418547361399, 37.54761402269032], [126.64176205168236, 37.54768599949656], [126.64183610847623, 37.54762847184019]], [[126.64198051499018, 37.547578366243435], [126.64201840095228, 37.54758307662012], [126.64196490823318, 37.547576426652746], [126.64198051499018, 37.547578366243435]], [[126.6421637421082, 37.54758574443776], [126.64217651672955, 37.5475859815289], [126.64214623358019, 37.54758542306849], [126.6421637421082, 37.54758574443776]], [[126.64252839459049, 37.54761048643941], [126.64331736555039, 37.54729897850356], [126.6436525489578, 37.547155926959164], [126.64252839459049, 37.54761048643941]], [[126.64370949406467, 37.547126817444976], [126.64379005254, 37.54708174187213], [126.6436525489578, 37.547155926959164], [126.64370949406467, 37.547126817444976]], [[126.64855638099696, 37.544452317785904], [126.64921206839956, 37.54411367547017], [126.64975692468819, 37.543862149247886], [126.64855638099696, 37.544452317785904]], [[126.65032093761539, 37.54358337754207], [126.6502836054708, 37.543603241407226], [126.6500857559986, 37.5437004951719], [126.65032093761539, 37.54358337754207]], [[126.65035327852952, 37.54356616574613], [126.6503750357403, 37.5435545896832], [126.65032093761539, 37.54358337754207], [126.65035327852952, 37.54356616574613]], [[126.65118922863032, 37.54085936028474], [126.65118923139119, 37.540859360293105], [126.65056057697339, 37.54085749371344], [126.65118922863032, 37.54085936028474]], [[126.65940003726196, 37.540883432244264], [126.66067478076069, 37.53987053314771], [126.66152782941693, 37.53919256560624], [126.65940003726196, 37.540883432244264]], [[126.66338677480795, 37.5388236927832], [126.6633866948991, 37.53882381202457], [126.66308597515608, 37.53874330323811], [126.66338677480795, 37.5388236927832]], [[126.66350866919788, 37.538145285782605], [126.66352031010928, 37.53837505166432], [126.66352030974329, 37.53837513275222], [126.66350866919788, 37.538145285782605]], [[126.66344104181437, 37.536810708193094], [126.66345701386958, 37.53712486567738], [126.66346691679927, 37.53731975088704], [126.66344104181437, 37.536810708193094]], [[126.6628510115501, 37.53312697213774], [126.66260357922671, 37.525612545921206], [126.66258061862595, 37.52469881698701], [126.6628510115501, 37.53312697213774]], [[126.66252619764424, 37.5225374868767], [126.66253755621702, 37.522532544442264], [126.66254749674117, 37.52338337976729], [126.66252619764424, 37.5225374868767]], [[126.66250376021937, 37.52164636768526], [126.66250493433411, 37.52160688060937], [126.66252252732002, 37.522391718430484], [126.66250376021937, 37.52164636768526]], [[126.66240868201051, 37.521453931342805], [126.66240279710915, 37.52144993018788], [126.66247030503317, 37.521485048285], [126.66240868201051, 37.521453931342805]], [[126.66191609430787, 37.52076031904297], [126.66202990178286, 37.52108104020391], [126.66193414020992, 37.52088006911283], [126.66191609430787, 37.52076031904297]], [[126.66190608215443, 37.520748750043765], [126.66160398824431, 37.52006231671573], [126.66166809783134, 37.5198266756821], [126.66191403540066, 37.519395690967805], [126.66190608215443, 37.520748750043765]], [[126.61589397198917, 37.51135295634321], [126.61589442440216, 37.51135295782013], [126.61579452635554, 37.511423990195055], [126.61589397198917, 37.51135295634321]], [[126.61690207225821, 37.51111163275643], [126.61668814547843, 37.51114255182493], [126.61691690588803, 37.51110833837401], [126.61690207225821, 37.51111163275643]], [[126.62323111123185, 37.513144426109676], [126.62306536861203, 37.513085060468484], [126.62338369925925, 37.513210596944795], [126.62323111123185, 37.513144426109676]], [[126.625525416287, 37.51298164396544], [126.62553635698639, 37.51297649808747], [126.62556577776728, 37.51296267140714], [126.625525416287, 37.51298164396544]], [[126.62803335381719, 37.51342620263584], [126.62789713492482, 37.51337452346049], [126.62784847816624, 37.5133558902145], [126.62803335381719, 37.51342620263584]], [[126.63609903540072, 37.519807040035865], [126.63592004370548, 37.51981504556965], [126.63617334590774, 37.51977851928776], [126.63609903540072, 37.519807040035865]], [[126.63625971510042, 37.51974537445926], [126.63626423098987, 37.519743639100945], [126.63626422516849, 37.519743643684116], [126.63625971510042, 37.51974537445926]], [[126.63795945308921, 37.51847069330657], [126.637966269657, 37.51845554907509], [126.63813230130663, 37.518474196927315], [126.63795945308921, 37.51847069330657]], [[126.63871539814032, 37.51844946416637], [126.63877617175665, 37.518444825588865], [126.6387761298925, 37.51844483038541], [126.63871539814032, 37.51844946416637]], [[126.63941136396015, 37.51837204726748], [126.6396989607749, 37.5183352981677], [126.63941155976121, 37.518372024832665], [126.63941136396015, 37.51837204726748]], [[126.64942598623749, 37.51610912376214], [126.64961495624517, 37.51609373932905], [126.64960454590259, 37.51609459128655], [126.64942598623749, 37.51610912376214]], [[126.65123859237457, 37.516933991792314], [126.6510467058965, 37.51793787506688], [126.65105096183983, 37.518043700137014], [126.65123859237457, 37.516933991792314]], [[126.65552647376367, 37.52167443766311], [126.65551360915933, 37.521665236899686], [126.65557314023764, 37.521707847951454], [126.65552647376367, 37.52167443766311]], [[126.65633985434638, 37.52203129436875], [126.65577678301963, 37.52172691453369], [126.65624477510252, 37.52197989424246], [126.65633985434638, 37.52203129436875]], [[126.65636193211442, 37.52203697206033], [126.65642165728391, 37.52205234629208], [126.65633985434638, 37.52203129436875], [126.65636193211442, 37.52203697206033]], [[126.6579952819808, 37.52247346159684], [126.65806726573685, 37.52248735698378], [126.65846624536229, 37.52256438890063], [126.6579952819808, 37.52247346159684]], [[126.65913016899998, 37.522859407694504], [126.659187888565, 37.522816386905774], [126.6591787387799, 37.52282338269999], [126.65913016899998, 37.522859407694504]], [[126.65943731238036, 37.524565693096626], [126.65944289016679, 37.52470924607917], [126.65944421357071, 37.524743359050845], [126.65943731238036, 37.524565693096626]], [[126.65945851770176, 37.52542178572109], [126.65953623354241, 37.5255709445067], [126.65953600725078, 37.5255709528614], [126.65945851770176, 37.52542178572109]], [[126.65953815112285, 37.525574644120155], [126.6595384307735, 37.52557519347356], [126.65953623354241, 37.5255709445067], [126.65953815112285, 37.525574644120155]], [[126.64077766347877, 37.50934441002857], [126.64077767317282, 37.50934944660662], [126.64077755994222, 37.50934947329061], [126.64077766347877, 37.50934441002857]], [[126.64076804901013, 37.50933282093312], [126.64076805870351, 37.50933785751119], [126.64076794547292, 37.50933788419517], [126.64076804901013, 37.50933282093312]], [[126.66593726523513, 37.539984316540206], [126.66593557970667, 37.539984230661624], [126.66543617912235, 37.53970369327193], [126.66593726523513, 37.539984316540206]], [[126.66692979428397, 37.54082473666219], [126.66671050519837, 37.54056767584305], [126.6668843560146, 37.540770963067565], [126.66692979428397, 37.54082473666219]], [[126.66780379945881, 37.54133713305586], [126.66757218278627, 37.541306106003525], [126.6676725100385, 37.541319544094705], [126.66780379945881, 37.54133713305586]], [[126.66829137921583, 37.541217065642876], [126.66818446883678, 37.5412717602561], [126.66834115424454, 37.54119159999259], [126.66829137921583, 37.541217065642876]], [[126.66897797779193, 37.54121664943788], [126.66897808994061, 37.541216875000764], [126.66877457055006, 37.541177721416766], [126.66897797779193, 37.54121664943788]], [[126.66919152627683, 37.54133144183968], [126.66926391218493, 37.541389308772814], [126.66902394861347, 37.54123752863983], [126.66919152627683, 37.54133144183968]], [[126.66938523052046, 37.5414968586407], [126.6695087587594, 37.54156542882985], [126.66926391218493, 37.541389308772814], [126.66938523052046, 37.5414968586407]], [[126.66959074347012, 37.54163280094426], [126.66959066954942, 37.541634161228906], [126.66959173041194, 37.54161181068986], [126.66959074347012, 37.54163280094426]], [[126.66970893949934, 37.54221532470839], [126.66973041574612, 37.541923835764294], [126.66972816587906, 37.541954443513035], [126.66970893949934, 37.54221532470839]], [[126.66962718094955, 37.54380451911429], [126.66957355763917, 37.54484825301011], [126.66964662476417, 37.54330995345206], [126.66962718094955, 37.54380451911429]], [[126.6695582568259, 37.545050346619774], [126.66955878398316, 37.545043372644734], [126.66955179829532, 37.54513650794831], [126.6695582568259, 37.545050346619774]], [[126.66953036422815, 37.5454213085574], [126.66950598567747, 37.545745356778674], [126.66950189451686, 37.545772266788845], [126.66953036422815, 37.5454213085574]], [[126.66946660142486, 37.54604510375374], [126.66946473586364, 37.546060063913075], [126.6694598873472, 37.54609699077344], [126.66946660142486, 37.54604510375374]], [[126.66941945895996, 37.54640540421701], [126.66944869074305, 37.546182372917826], [126.6694598873472, 37.54609699077344], [126.66941945895996, 37.54640540421701]], [[126.68158257145006, 37.5467278566349], [126.68131791685639, 37.54672229199968], [126.68133878147405, 37.546722726987646], [126.68158257145006, 37.5467278566349]], [[126.67970079319471, 37.49820546736399], [126.67966555163139, 37.498148455491965], [126.67970080334291, 37.49820547459057], [126.67970079319471, 37.49820546736399]], [[126.68091832217353, 37.49907668560488], [126.68072684557667, 37.49896573353609], [126.68091817881549, 37.499076390557946], [126.68091832217353, 37.49907668560488]], [[126.66937476345029, 37.52476278467161], [126.66937399483814, 37.52485195358101], [126.66935636118443, 37.524715887994645], [126.66937476345029, 37.52476278467161]], [[126.66933859249936, 37.524669205053705], [126.66933885076632, 37.52466987260102], [126.66933928053774, 37.524671012709966], [126.66933859249936, 37.524669205053705]], [[126.66917541747654, 37.52350969324871], [126.66917540612434, 37.52350970222668], [126.66912717841387, 37.52292899484782], [126.66917541747654, 37.52350969324871]], [[126.6691243667555, 37.522894695210354], [126.66912387170017, 37.52288860228858], [126.66912717841387, 37.52292899484782], [126.6691243667555, 37.522894695210354]], [[126.66905551466475, 37.522064814614524], [126.6690682623186, 37.522046796228054], [126.6690555148045, 37.52206481630093], [126.66905551466475, 37.522064814614524]], [[126.66913172735852, 37.521957090345204], [126.6691614109151, 37.52248744329614], [126.66913905818915, 37.52211252296963], [126.66913172735852, 37.521957090345204]], [[126.66818013168276, 37.53962293907875], [126.66813968003346, 37.53957492833828], [126.66812901081899, 37.53955699557537], [126.66818013168276, 37.53962293907875]], [[126.66818013168276, 37.53962293907875], [126.66842053130438, 37.53959120882369], [126.66848855786424, 37.53959330176289], [126.66835411720722, 37.53961833945528], [126.66822295013206, 37.53962729457655], [126.66818013168276, 37.53962293907875]], [[126.66849440930355, 37.53959292182871], [126.66851914888338, 37.539594243964224], [126.66848855786424, 37.53959330176289], [126.66849440930355, 37.53959292182871]], [[126.66851914888338, 37.539594243964224], [126.6686331417062, 37.53957472556759], [126.66873370034855, 37.53954834872129], [126.66851914888338, 37.539594243964224]], [[126.66976126847146, 37.53918474466869], [126.6694703168763, 37.53925210478658], [126.66955915666374, 37.5392248383452], [126.66976126847146, 37.53918474466869]], [[126.67017479940311, 37.53936630159383], [126.67145791628366, 37.53948948289281], [126.67250743421042, 37.539720334574845], [126.67274420777468, 37.53962247086131], [126.67339287393253, 37.53948822562985], [126.67348085770402, 37.53942622975147], [126.67017479940311, 37.53936630159383]], [[126.67000997627359, 37.53921828411409], [126.67001118494144, 37.539218738001296], [126.67000286824575, 37.53923926620806], [126.67000997627359, 37.53921828411409]], [[126.67518316395817, 37.538510000196936], [126.67509257037533, 37.53853274306617], [126.67516729034145, 37.53847606112838], [126.67518316395817, 37.538510000196936]], [[126.64975347081179, 37.545967629266535], [126.6496511082154, 37.54583625820979], [126.64977807007375, 37.545999192042515], [126.64975347081179, 37.545967629266535]], [[126.65065101414183, 37.54623026963606], [126.65064971701862, 37.546229833977144], [126.65059310567361, 37.546210186416104], [126.65065101414183, 37.54623026963606]], [[126.65210204158731, 37.54674406168797], [126.65210288439549, 37.54674436222192], [126.65210287743616, 37.546744362720204], [126.65210204158731, 37.54674406168797]], [[126.65248824362655, 37.54671676988291], [126.65259331297746, 37.54670916070899], [126.65259335824025, 37.54670916084273], [126.65248824362655, 37.54671676988291]], [[126.6530157781634, 37.54678724442719], [126.65331496164133, 37.54689012873437], [126.65331159996505, 37.54688897358684], [126.6530157781634, 37.54678724442719]], [[126.65354495689489, 37.54696919158975], [126.6533774775857, 37.54691162943093], [126.65332592640611, 37.546893899317965], [126.65354495689489, 37.54696919158975]], [[126.65395549866919, 37.54721521684985], [126.65388507532994, 37.54713814634502], [126.65396526491847, 37.54722468930269], [126.65395549866919, 37.54721521684985]], [[126.65433536619088, 37.547592856787375], [126.65425678349499, 37.54753037652863], [126.65446890777399, 37.54770105751386], [126.65433536619088, 37.547592856787375]], [[126.65490115214092, 37.548118911339294], [126.65490114086668, 37.548118902296345], [126.65483354293036, 37.548048894781694], [126.65490115214092, 37.548118911339294]], [[126.65525677611636, 37.5484016572438], [126.65525420759147, 37.548401589236335], [126.65526623420243, 37.54840204584022], [126.65525677611636, 37.5484016572438]], [[126.65576407110198, 37.54857953890348], [126.65576407106036, 37.548579547913256], [126.65561373674983, 37.5484948472162], [126.65576407110198, 37.54857953890348]], [[126.65614382070473, 37.54957730384806], [126.65614357474252, 37.549576654418175], [126.65611424650723, 37.54949493923148], [126.65614382070473, 37.54957730384806]], [[126.65656634725102, 37.54976180861511], [126.65651948256374, 37.54977735788385], [126.65666094936556, 37.549730397224934], [126.65656634725102, 37.54976180861511]], [[126.6601531030214, 37.54968743093362], [126.66014735495321, 37.54970714592934], [126.6601643001623, 37.54964904522157], [126.6601531030214, 37.54968743093362]], [[126.66035231416028, 37.54972248742015], [126.6603581667681, 37.549744380290385], [126.66034340093914, 37.54968932337073], [126.66035231416028, 37.54972248742015]], [[126.66103942778733, 37.55077537260435], [126.66105292082764, 37.550717315884015], [126.66104922657463, 37.55073336081625], [126.66103942778733, 37.55077537260435]], [[126.66314647447982, 37.55222306191304], [126.6630834607916, 37.55220104141288], [126.66319677845536, 37.55224031578587], [126.66314647447982, 37.55222306191304]], [[126.66483888480573, 37.552648849412215], [126.66479294798121, 37.5526442765631], [126.66484833829178, 37.55264978928847], [126.66483888480573, 37.552648849412215]], [[126.66560403180193, 37.55290657535606], [126.66560270068464, 37.55290545432933], [126.66561184477236, 37.552913165773525], [126.66560403180193, 37.55290657535606]], [[126.67171639848216, 37.554424687297875], [126.67171704086692, 37.55442503994914], [126.67228777163083, 37.55474121204532], [126.67171639848216, 37.554424687297875]], [[126.67720158709312, 37.5569497033396], [126.6772400572737, 37.55760473581109], [126.67720474013542, 37.55701603359172], [126.67720158709312, 37.5569497033396]], [[126.6738695785476, 37.554892292436975], [126.6738473964916, 37.554892411081205], [126.67372972167676, 37.55488712905], [126.6738695785476, 37.554892292436975]], [[126.65409522770354, 37.5618720751352], [126.65409505999139, 37.561872058756066], [126.65409512730571, 37.56187175949507], [126.65409522770354, 37.5618720751352]], [[126.65677069204578, 37.560988113338674], [126.65651896741528, 37.560872826847124], [126.65660585386782, 37.560912525816455], [126.65677069204578, 37.560988113338674]], [[126.66343991058537, 37.5618102833285], [126.66333242198544, 37.56180669616328], [126.66343991695302, 37.56181027458088], [126.66343991058537, 37.5618102833285]], [[126.66359850565729, 37.561815566854975], [126.66366076522367, 37.56179586929271], [126.66359799545828, 37.56181555884037], [126.66359850565729, 37.561815566854975]], [[126.66378165835444, 37.5617749338923], [126.66378165831378, 37.56177494290202], [126.66371804661556, 37.56178328424742], [126.66378165835444, 37.5617749338923]], [[126.66394863400454, 37.56181278425849], [126.66415619449907, 37.56189882692231], [126.663909422008, 37.56179653550097], [126.66394863400454, 37.56181278425849]], [[126.66509822765606, 37.56244518721637], [126.66509839212549, 37.56244527064596], [126.66509809677531, 37.56244514471525], [126.66509822765606, 37.56244518721637]], [[126.67161384619585, 37.55893449336177], [126.67152825283448, 37.55841291678186], [126.67152819522664, 37.55841255021949], [126.67161384619585, 37.55893449336177]], [[126.67151835689168, 37.5583498791793], [126.67151909561514, 37.55835464876718], [126.67151896146419, 37.55835379515471], [126.67151835689168, 37.5583498791793]], [[126.6715137124537, 37.55831989440764], [126.6715058848395, 37.55827089338508], [126.67151396576422, 37.5583215277349], [126.6715137124537, 37.55831989440764]], [[126.6714830558269, 37.55812861535054], [126.67144841736555, 37.55791275460663], [126.6714380430544, 37.55784807914089], [126.6714830558269, 37.55812861535054]], [[126.67138969783787, 37.55754679917535], [126.67127295044435, 37.55681914322811], [126.67140243757896, 37.557626171201726], [126.67138969783787, 37.55754679917535]], [[126.67095121592209, 37.55479112640168], [126.67110383191078, 37.55577998578865], [126.6709645528028, 37.554877555538845], [126.67095121592209, 37.55479112640168]], [[126.67092564900331, 37.554625476778455], [126.67092521522605, 37.55462265502484], [126.67094262452844, 37.55473545859356], [126.67092564900331, 37.554625476778455]], [[126.67092486302197, 37.5546203729151], [126.67092226037772, 37.55460351025298], [126.67092031299987, 37.55459089099138], [126.67092486302197, 37.5546203729151]], [[126.67091822051249, 37.55417262262724], [126.67091820933835, 37.55418191863205], [126.67091821545134, 37.55417672869151], [126.67091822051249, 37.55417262262724]], [[126.6709183975545, 37.554025336446124], [126.67091832988883, 37.55408162968652], [126.67091837322654, 37.554035968018404], [126.6709183975545, 37.554025336446124]], [[126.67094119416281, 37.55403501730049], [126.67093729540618, 37.554033363084756], [126.6709183975545, 37.554025336446124], [126.67094119416281, 37.55403501730049]]], [[[126.57831156089581, 37.54703213910159], [126.57943036866241, 37.545044146206486], [126.57774622031273, 37.54702192170303], [126.57831156089581, 37.54703213910159]]], [[[126.58808151216193, 37.54640051526616], [126.58730980353636, 37.54743835887352], [126.58857153178074, 37.54739745827784], [126.58886732189688, 37.547563282483175], [126.58808151216193, 37.54640051526616]]], [[[126.58527402307348, 37.54849370521158], [126.58847354552165, 37.54820783109242], [126.58883787774131, 37.547893769092546], [126.58670377780058, 37.54757106402748], [126.58527402307348, 37.54849370521158]]], [[[126.57005763150795, 37.555131705772126], [126.56829611997378, 37.55516354783984], [126.56796627026803, 37.55560718874301], [126.56992066042244, 37.55592256601286], [126.57005763150795, 37.555131705772126]]], [[[126.56580796861027, 37.55756689245206], [126.5652801033781, 37.55733702172336], [126.56559598522261, 37.55773712560985], [126.56580796861027, 37.55756689245206]]], [[[126.63691172188132, 37.55924434772635], [126.63581666192127, 37.55911678745089], [126.6362434228301, 37.559531191953084], [126.63691172188132, 37.55924434772635]]], [[[126.55543737550717, 37.57564048808706], [126.55580298884608, 37.57885521314001], [126.5567884550767, 37.578760092271374], [126.55900163161448, 37.576367838567826], [126.5631298467307, 37.57450821060799], [126.5643305979157, 37.575296245913705], [126.56659610745123, 37.57313455721903], [126.5692875146085, 37.573394472701146], [126.57110252921824, 37.57255110045403], [126.57001336979023, 37.57046666932044], [126.5655143539644, 37.57115908601506], [126.56582878255816, 37.57168858200279], [126.564152164523, 37.57101721556375], [126.55865720554927, 37.57314954323219], [126.5595186896733, 37.573848743001776], [126.55895124249128, 37.57555145189216], [126.55543737550717, 37.57564048808706]]], [[[126.55456402010653, 37.57684344365174], [126.55390834261945, 37.5773730780322], [126.55409553311111, 37.5775517311042], [126.55423405890488, 37.577557932205536], [126.55456402010653, 37.57684344365174]]], [[[126.57117212104066, 37.577998646166655], [126.57157672574976, 37.57787920886861], [126.57149320671928, 37.57771708864089], [126.57117212104066, 37.577998646166655]]]]}}, {"type": "Feature", "properties": {"code": "28290", "name": "검단구"}, "geometry": {"type": "MultiPolygon", "coordinates": [[[[126.59209518638949, 37.567077449116624], [126.61634323719359, 37.56718453423112], [126.6189816678946, 37.565941637602506], [126.63817433832043, 37.571035299340814], [126.66108529913106, 37.57268965979761], [126.66372951588087, 37.578007477735], [126.66325571996235, 37.57862693414001], [126.65704545209806, 37.57939470498608], [126.6548808013171, 37.57741376686313], [126.64753679236664, 37.580447871637546], [126.64691348818053, 37.57918862665257], [126.6398588249732, 37.58548135668048], [126.63385220310101, 37.58580206556071], [126.63313475209402, 37.5874956183068], [126.63181567132631, 37.58797787064183], [126.63297997999129, 37.5866458890434], [126.6263652925622, 37.58218583956384], [126.62702758444816, 37.57978984573227], [126.62389627106224, 37.57814380570207], [126.62269238982394, 37.57844587695485], [126.62262398094614, 37.579620681331754], [126.62211141178075, 37.57829898922404], [126.6226142149906, 37.58612729021793], [126.61354352463921, 37.58584576821708], [126.61298016477484, 37.587873715004584], [126.60726467257595, 37.5880654582282], [126.6125077972158, 37.591286934703604], [126.60963048837743, 37.59208353221057], [126.60846892386432, 37.58895301979699], [126.60153478186108, 37.5851492618903], [126.60222608924576, 37.58214852736421], [126.59671817444675, 37.582127381202085], [126.59362591531628, 37.58535141702829], [126.59156452003111, 37.59301208476851], [126.60362873605138, 37.59899289638216], [126.60947019984893, 37.604543887383485], [126.61435588747285, 37.606287125335655], [126.61691100871658, 37.60355230095399], [126.61911114289389, 37.60418150282959], [126.61998582917639, 37.603449694535925], [126.62370026195889, 37.603334839775314], [126.62357847631108, 37.60217131454634], [126.62568369836757, 37.60273896778264], [126.62541719112063, 37.60460159302388], [126.62778966580252, 37.60640113754878], [126.62938740814754, 37.61162200501558], [126.6321094757046, 37.61501637209557], [126.63165913806378, 37.61734133557585], [126.63329969235144, 37.619301925419265], [126.63657425442824, 37.62049022204653], [126.63737622446337, 37.62498998876424], [126.63645663528523, 37.62767562842472], [126.63990748221998, 37.62676957551038], [126.64464445787952, 37.62851672394351], [126.64706593696765, 37.62750838097266], [126.65153722425761, 37.63517028595629], [126.65120653610813, 37.63790655174182], [126.65253124505794, 37.63951074966654], [126.65546414255512, 37.63795253291708], [126.6588763545301, 37.6386549433673], [126.6616211598341, 37.63664470195444], [126.66700677274116, 37.635959505254085], [126.67242198725882, 37.633842091637234], [126.67470734268159, 37.62987905570999], [126.68055153448339, 37.629309355295455], [126.6828375199203, 37.62478088721087], [126.68373432223376, 37.625230685285985], [126.69065578933441, 37.62070491250748], [126.69155654876415, 37.62140168263182], [126.69446065454096, 37.62034791527949], [126.69864717677083, 37.61742551310281], [126.70090525611997, 37.61427164815081], [126.70248611309387, 37.61396523242791], [126.70474371711634, 37.61167884265241], [126.70545054893611, 37.61214898257235], [126.70612542596751, 37.607676918043545], [126.7040031867353, 37.60465522598547], [126.7046812726415, 37.60247492282839], [126.70962391171174, 37.60510617269879], [126.7117328612546, 37.60500032388486], [126.71335333597445, 37.60295407601057], [126.71381549365125, 37.60376337339263], [126.71562492063194, 37.603806106891625], [126.71630543325274, 37.59948713893251], [126.72226393874537, 37.59599449883676], [126.72568444523311, 37.59223143851078], [126.71865777721766, 37.58807933817744], [126.71750621529637, 37.586371220665676], [126.71789235744907, 37.581632717655374], [126.71356715972465, 37.57756752371806], [126.7077469652083, 37.57982496897091], [126.70430186666155, 37.579581008818785], [126.70281820404493, 37.58069675378255], [126.70168841184925, 37.580154534193966], [126.69513354628067, 37.581266978121526], [126.68544197629431, 37.58417286357912], [126.68192095684023, 37.583615883613234], [126.68103684525124, 37.580020287610296], [126.68230496387832, 37.577112305039556], [126.68590826852702, 37.57600514314775], [126.68907904025913, 37.57719498274941], [126.69085825934776, 37.57519468342979], [126.69786894473097, 37.57373312930917], [126.70074032370944, 37.57186661250924], [126.69846100246691, 37.567659221708205], [126.69952138384849, 37.56758032755941], [126.70016454438304, 37.56524213928543], [126.70318911821472, 37.564783533315975], [126.70271519126545, 37.562707499947486], [126.6917727243388, 37.56547768941094], [126.69003594436312, 37.56730231809895], [126.6880682718067, 37.56732701427577], [126.6859982966621, 37.56934836465782], [126.68652229067904, 37.56978628180039], [126.68375530368984, 37.57063134229327], [126.67370564038072, 37.56905635380298], [126.67233294207514, 37.57018835105752], [126.67016382783189, 37.57016438962481], [126.66694803187198, 37.572407752709715], [126.66107230512473, 37.572567557099006], [126.66109798085074, 37.57052261471079], [126.65784194277907, 37.56884073929236], [126.65759852097588, 37.56773329779611], [126.652199973324, 37.56925709480091], [126.6514409039726, 37.56797491796314], [126.64606733047185, 37.56628789773941], [126.64073120067053, 37.56701663665961], [126.63853408232112, 37.56479816711], [126.64027108337943, 37.56340968098803], [126.63689260152165, 37.56110106494084], [126.63726785565994, 37.56027475891809], [126.63873927159506, 37.561230215206386], [126.63936115852024, 37.559475384321935], [126.63616758085358, 37.55959174674529], [126.63675025036892, 37.56088601073364], [126.63034869928327, 37.55809724476523], [126.60769132696, 37.554189798311285], [126.60095354444141, 37.55858610129124], [126.60190294187862, 37.55965320003157], [126.60109453236711, 37.56148918864247], [126.59451816539534, 37.561467423475904], [126.59451361735965, 37.56342497390275], [126.59313003615843, 37.56366144356934], [126.59027458830728, 37.56238576847142], [126.58667061571275, 37.566713824624784], [126.5888265173233, 37.56980842409096], [126.59209518638949, 37.567077449116624]], [[126.63242677234166, 37.58788809021641], [126.63239728830382, 37.587922748834345], [126.63243656648623, 37.5878765162133], [126.63242677234166, 37.58788809021641]], [[126.6488154285645, 37.60423006712764], [126.648944775616, 37.60420654162932], [126.6490227081913, 37.604192800235815], [126.6488154285645, 37.60423006712764]], [[126.6487341051906, 37.604244798334655], [126.64851559652269, 37.60430492499082], [126.6488154285645, 37.60423006712764], [126.6487341051906, 37.604244798334655]], [[126.64803045933317, 37.60452103220075], [126.64804904627786, 37.60451077166737], [126.64803047080223, 37.60452103485003], [126.64803045933317, 37.60452103220075]], [[126.64822582097884, 37.603946162360465], [126.64818464983829, 37.6037751325445], [126.64822865008462, 37.60395377508546], [126.64822582097884, 37.603946162360465]], [[126.64239719073855, 37.5970377334813], [126.64256554941747, 37.59705163414916], [126.64258071664734, 37.597052932634455], [126.64239719073855, 37.5970377334813]], [[126.64183397522878, 37.59703473914371], [126.64184384348633, 37.59701947959853], [126.64222832789007, 37.59706276234867], [126.64183397522878, 37.59703473914371]], [[126.64130803023379, 37.597014286771916], [126.64139076101164, 37.59698578897282], [126.64139081034959, 37.596985774020894], [126.64130803023379, 37.597014286771916]], [[126.64030908608888, 37.59748949172375], [126.64019889289457, 37.59753241946849], [126.64036897429699, 37.597464141234404], [126.64030908608888, 37.59748949172375]], [[126.6381343879258, 37.59761511634598], [126.6381343410523, 37.59761511180552], [126.63813860377584, 37.59761542148558], [126.6381343879258, 37.59761511634598]], [[126.63730806419757, 37.59694788122473], [126.63732054727657, 37.597172299562665], [126.63733301914554, 37.59739670884651], [126.63730806419757, 37.59694788122473]], [[126.63726924072458, 37.59648463114021], [126.63724920372935, 37.59623961109497], [126.63727638138398, 37.596571489543486], [126.63726924072458, 37.59648463114021]], [[126.63688936841747, 37.59490090624282], [126.63703726805211, 37.59534736582044], [126.63718516943337, 37.595793825188046], [126.63688936841747, 37.59490090624282]], [[126.63244815992923, 37.58831687954668], [126.63219260748134, 37.588188564530284], [126.6322364536517, 37.58840490092592], [126.63244815992923, 37.58831687954668]], [[126.64664381868653, 37.6049187343101], [126.64668471391069, 37.60491119895211], [126.64664045791874, 37.60491936324834], [126.64664381868653, 37.6049187343101]], [[126.66371356664575, 37.59860153428116], [126.66370684121459, 37.59860384856973], [126.66371343122664, 37.59860123692171], [126.66371356664575, 37.59860153428116]], [[126.66361551432219, 37.59838622585376], [126.66368610093481, 37.59854122376753], [126.66367152012069, 37.5985092076981], [126.66361551432219, 37.59838622585376]], [[126.69593109932447, 37.59370158670057], [126.69587182558901, 37.593706604862625], [126.69598952980377, 37.593695106736874], [126.69593109932447, 37.59370158670057]], [[126.66499322664315, 37.58424739412908], [126.66522135286613, 37.58434118173035], [126.66533124826391, 37.58438213803631], [126.66499322664315, 37.58424739412908]], [[126.66533124826391, 37.58438213803631], [126.66575371271544, 37.58446027524267], [126.66582073182013, 37.58443105780519], [126.66533124826391, 37.58438213803631]], [[126.67294166185873, 37.58507331122944], [126.67302981665901, 37.58510327094913], [126.67319779475432, 37.585160373975576], [126.67294166185873, 37.58507331122944]]], [[[126.6057675976841, 37.567628449189215], [126.60572198081216, 37.56719440101591], [126.6055894484974, 37.56747645978239], [126.6057675976841, 37.567628449189215]]], [[[126.58560548987523, 37.56875533365669], [126.5855778623766, 37.56851465612876], [126.58546196091204, 37.568816707386596], [126.58560548987523, 37.56875533365669]]], [[[126.6186308410733, 37.577517791135286], [126.62131844105865, 37.57817315677389], [126.6203266755692, 37.5771627602918], [126.6186308410733, 37.577517791135286]]], [[[126.64028007218688, 37.58232058114451], [126.64214519294666, 37.581943455778166], [126.64023549552434, 37.58198890159342], [126.64028007218688, 37.58232058114451]]], [[[126.59295993320002, 37.583877507718206], [126.59231570098419, 37.583450545383435], [126.59276605307517, 37.5839085600454], [126.59295993320002, 37.583877507718206]]]]}}, {"type": "Feature", "properties": {"code": "28710", "name": "강화군"}, "geometry": {"type": "MultiPolygon", "coordinates": [[[[125.97159840075366, 37.60776524118538], [125.97584512113072, 37.61171811001692], [125.97886415614444, 37.60960951482836], [125.97820293371194, 37.60850541421663], [125.97497527261092, 37.60769137062526], [125.97531945360886, 37.6062199589177], [125.97200434861927, 37.606423330811815], [125.97159840075366, 37.60776524118538]]], [[[126.21604131432494, 37.61903195458706], [126.21766569063418, 37.61996349934527], [126.21659382191052, 37.62057082799], [126.21849163014373, 37.62053974002247], [126.21706011362515, 37.61815278307769], [126.21428020398697, 37.61826763930245], [126.21480701881782, 37.619353582086326], [126.21604131432494, 37.61903195458706]]], [[[126.26074069006503, 37.623210316367114], [126.2605671748558, 37.62290945044895], [126.2604453501114, 37.623394456150756], [126.26074069006503, 37.623210316367114]]], [[[126.22278646673989, 37.65373536369085], [126.22801791759558, 37.65123022669478], [126.23119488519012, 37.65343834228536], [126.23119045563993, 37.65534470486973], [126.23284528421672, 37.65569660062304], [126.2349852629949, 37.654559070258145], [126.23628507529001, 37.65511808222933], [126.23644308174569, 37.65366319209816], [126.23911317171391, 37.65200220751117], [126.25080374936533, 37.65355650499639], [126.2534510913241, 37.65349520044188], [126.25619232876252, 37.65180767339477], [126.25681070377743, 37.65000470269164], [126.25476161866241, 37.6494180751607], [126.25116601309395, 37.644881245028024], [126.25085360215591, 37.638292370489985], [126.25215306942383, 37.63545613641045], [126.25133521548001, 37.63550397857183], [126.25423387815026, 37.63152583014267], [126.25908519354343, 37.6301216424104], [126.2609789683501, 37.63130686224495], [126.25921617036235, 37.629732216016016], [126.2617812263522, 37.62808518996512], [126.26216795018115, 37.626235105469135], [126.26339421420295, 37.62549351731773], [126.26149923206874, 37.62521219814258], [126.26152908940404, 37.626489910457956], [126.25638477861087, 37.62945058682268], [126.24617783062952, 37.63181789723025], [126.23463721039407, 37.63908959543838], [126.23371090115333, 37.63877440765578], [126.22560679041793, 37.65050600861607], [126.22314698895413, 37.65193658336727], [126.22278646673989, 37.65373536369085]]], [[[126.2246703426119, 37.66578074767933], [126.23373734742515, 37.66160118641888], [126.23900560890266, 37.66181933399501], [126.24165724858459, 37.66322608437538], [126.24302977851501, 37.66211820438312], [126.24154717742083, 37.66132305739975], [126.237289657893, 37.66130129886719], [126.23370991763267, 37.65964727298537], [126.22773888175924, 37.660043650803374], [126.22340861940847, 37.658399514649844], [126.22391542371024, 37.66060629875353], [126.22228456970218, 37.66548857176867], [126.2246703426119, 37.66578074767933]]], [[[126.21972376154854, 37.66499387902763], [126.2192415945513, 37.66413340867179], [126.21848339515883, 37.66496550618155], [126.21972376154854, 37.66499387902763]]], [[[126.1560580890641, 37.67727491891115], [126.15679428797438, 37.67587033015933], [126.15916976058747, 37.67559944938158], [126.16117172237723, 37.676441313085405], [126.16181518517229, 37.67822617544477], [126.16432786105877, 37.6774360334067], [126.1677122165472, 37.67912526430941], [126.16837419862516, 37.67739086299008], [126.1707966809441, 37.67641601698847], [126.17470270016602, 37.676808870580594], [126.18377808870602, 37.68125782104545], [126.18590085809275, 37.68427936857596], [126.18747452016797, 37.683799252278185], [126.18977701640894, 37.68456061155437], [126.19301117582677, 37.68741873008396], [126.19289801270811, 37.68831440523421], [126.19585940887765, 37.688270841717305], [126.19521237712365, 37.684815071524575], [126.19735600940123, 37.67904064023243], [126.20465690827317, 37.66926368309878], [126.21119737234515, 37.666409311898164], [126.21110738870199, 37.66477343757744], [126.21026700534789, 37.66543550712833], [126.20452388225164, 37.65940967826403], [126.20789266259798, 37.65523585487782], [126.20507872576246, 37.656969215247074], [126.19549007571315, 37.658771119437056], [126.1945535734989, 37.659707949399866], [126.19126650673313, 37.65741488488801], [126.18993083273412, 37.65758792031385], [126.18939166197767, 37.65834705382664], [126.1927107037666, 37.66031736247609], [126.19063013961214, 37.66473488968266], [126.17877549422734, 37.67059973726251], [126.17496990045703, 37.67066409881487], [126.17410623256737, 37.66929380925185], [126.1687952216701, 37.66897096760872], [126.1684657191641, 37.66675194752527], [126.16774136260246, 37.66694557866036], [126.16086735098149, 37.67045988266968], [126.15971004701609, 37.67233292362778], [126.15603139106861, 37.67276298544311], [126.15646376345305, 37.674901021567436], [126.15495151125101, 37.67682837355284], [126.1560580890641, 37.67727491891115]]], [[[126.026650360837, 37.678231909904994], [126.02813664837649, 37.678354605179415], [126.02856850585692, 37.67774449482657], [126.02651716892042, 37.67744633527474], [126.026650360837, 37.678231909904994]]], [[[126.12468163037767, 37.683675948457854], [126.12636030182713, 37.6833299501141], [126.12461990045222, 37.68364928103545], [126.12468163037767, 37.683675948457854]]], [[[126.12417675020241, 37.68407285205754], [126.12474880511309, 37.685707462139504], [126.12494695178249, 37.6852244799994], [126.12417675020241, 37.68407285205754]]], [[[126.12285629878292, 37.69064740773335], [126.12627924813916, 37.693183157658375], [126.12782234247743, 37.69118706702543], [126.13065138678003, 37.69103894035237], [126.13323337771698, 37.692026457186024], [126.13388257324229, 37.69112516639339], [126.13212420446976, 37.68942495741622], [126.1356904680354, 37.68680662904804], [126.13625579836972, 37.68776034571095], [126.13759995501746, 37.68639708117804], [126.14273429635226, 37.68593951310604], [126.14234784658481, 37.68369512199549], [126.1441192339958, 37.681889826237224], [126.13874228911372, 37.68108599021523], [126.13653025275731, 37.682637547311025], [126.12946660271355, 37.68423091191762], [126.12667746221065, 37.68230736280799], [126.12665827469858, 37.68333686385445], [126.12473630275157, 37.686715587428615], [126.12198890217535, 37.68692893273875], [126.12285629878292, 37.69064740773335]]], [[[126.20153904716358, 37.68952188398436], [126.20166640958095, 37.688433629004095], [126.20144910628011, 37.68835383561598], [126.20153904716358, 37.68952188398436]]], [[[126.2124927235152, 37.72181010105114], [126.21283754722897, 37.71824790838666], [126.21054710183242, 37.71775005501222], [126.21139337524957, 37.71973663321262], [126.21023504333697, 37.72244968449453], [126.2124927235152, 37.72181010105114]]], [[[126.21833391411845, 37.721021686373035], [126.22387970905775, 37.72243756108884], [126.22697461300721, 37.72828214372734], [126.23117995760288, 37.73224268188759], [126.230960578097, 37.732978398920615], [126.23233331862764, 37.733276836751074], [126.23678287407715, 37.73102350972341], [126.23595794860866, 37.72901958509038], [126.23811119184882, 37.721809566849004], [126.23996462981097, 37.72199998591353], [126.24411236317314, 37.719654131250095], [126.2492433371552, 37.718422479012375], [126.24798029775619, 37.71730392607631], [126.24280626582966, 37.716652109496394], [126.24117422523685, 37.717608012340534], [126.24175942430891, 37.71700657510071], [126.23927650672431, 37.71631459678432], [126.23472255284801, 37.71741544617942], [126.23231980131884, 37.71604252161053], [126.2281809117393, 37.71789590630603], [126.22607374184017, 37.71758203341885], [126.21918163344235, 37.719564813482556], [126.21833391411845, 37.721021686373035]]], [[[126.25883398512659, 37.7303439522639], [126.25771299032832, 37.731787764454424], [126.25844818322825, 37.733685499546716], [126.26113988936503, 37.73432843851709], [126.26132579995445, 37.73556685350304], [126.26548729741764, 37.73826546895031], [126.2682889104029, 37.73020862547134], [126.26811797021028, 37.72740711088542], [126.27010952995853, 37.725689398928786], [126.26669666202423, 37.72420437410113], [126.26133991825164, 37.7262645515843], [126.25965665400385, 37.72494259208813], [126.25836884486941, 37.72505952331782], [126.25764376376367, 37.72771737642501], [126.25883398512659, 37.7303439522639]]], [[[126.20827020744788, 37.77566526206239], [126.20897889171873, 37.77565179569128], [126.20890029526055, 37.77531746183727], [126.20827020744788, 37.77566526206239]]], [[[126.2151731705213, 37.80894343149146], [126.2139169490518, 37.80913826205514], [126.21444526486808, 37.81028318072358], [126.21521847263652, 37.80982858192191], [126.2151731705213, 37.80894343149146]]], [[[126.26987738754278, 37.6196063467056], [126.26897545255561, 37.620855393575496], [126.2701127894046, 37.62043781650381], [126.26987738754278, 37.6196063467056]]], [[[126.27004554625745, 37.65412276394833], [126.27087759049152, 37.65300952728698], [126.26940418715093, 37.65098476401104], [126.26861377492524, 37.653326117447236], [126.27004554625745, 37.65412276394833]]], [[[126.29947599136855, 37.67503620708015], [126.30102240798423, 37.67597967328344], [126.30058590775548, 37.6741746306138], [126.29947599136855, 37.67503620708015]]], [[[126.30856677798315, 37.678287220972784], [126.30907234781864, 37.67826899984486], [126.30870289574919, 37.677871626559536], [126.30856677798315, 37.678287220972784]]], [[[126.37197997407165, 37.69420682622714], [126.37469350350294, 37.691537335490864], [126.37335239902598, 37.69078194707235], [126.36968735324415, 37.69182917086339], [126.36895419304933, 37.69329915778094], [126.36944617470112, 37.69405203885958], [126.37197997407165, 37.69420682622714]]], [[[126.34606793087003, 37.646041424713665], [126.34794154164149, 37.644533798607625], [126.34822128627235, 37.64206470430121], [126.34017249615302, 37.64138380059494], [126.33857271496045, 37.643853222241205], [126.33449102761278, 37.64609949251535], [126.33360295495251, 37.6506407576424], [126.32880411567304, 37.652148932737816], [126.32770229596404, 37.65119001528067], [126.32544999175863, 37.65142496518178], [126.32198542843847, 37.65454370277737], [126.32318104747277, 37.65589820160106], [126.32329206390878, 37.65868702630584], [126.32796818023978, 37.66210165500873], [126.3287185540732, 37.67016514296807], [126.32428762680703, 37.67314747420455], [126.3201544372597, 37.67936410900083], [126.3211342020066, 37.68060688405596], [126.31467521192289, 37.684986084204496], [126.31342908026667, 37.68443419382126], [126.31030727306786, 37.68678490506539], [126.30783065183988, 37.68669432303327], [126.30864209270264, 37.68755355697925], [126.3017805266278, 37.68941636031481], [126.29303380431752, 37.6930299201189], [126.29130899112131, 37.694942778306576], [126.28877765716344, 37.695306896300174], [126.28654257559177, 37.697405950828184], [126.28669339566325, 37.69986639601535], [126.28580561461497, 37.70065771188143], [126.28246137087066, 37.70291921899059], [126.27842933185704, 37.7039861071375], [126.27670548073401, 37.706147449274724], [126.26935232998218, 37.710653067300925], [126.27214131558237, 37.712334231836216], [126.27502258811387, 37.71209031332622], [126.2769823830113, 37.710123729195544], [126.2820375230769, 37.708991542160724], [126.28758214989578, 37.713981883950794], [126.28960698273751, 37.724909930874], [126.28809507877756, 37.72821680407712], [126.2872490353399, 37.728217501172786], [126.28889310965054, 37.72971793936637], [126.28946476315305, 37.7393805313705], [126.2902862173559, 37.74035172612497], [126.28908696904301, 37.742634214641924], [126.2925189839749, 37.744690445846445], [126.30308884416547, 37.74578323872595], [126.30868896108517, 37.748095001037626], [126.30979088159914, 37.74769743573085], [126.31797272736328, 37.75242430119268], [126.3235988236626, 37.751734517622374], [126.32760936020458, 37.74932259778603], [126.32816508127604, 37.74982560879798], [126.32972882748079, 37.74679244705266], [126.32907143693068, 37.744806961714616], [126.3235209625401, 37.74122862228042], [126.32148681924143, 37.73851446434771], [126.3212968683344, 37.73588751624776], [126.31846553700409, 37.73000274818318], [126.31898867793416, 37.7264518566284], [126.31726263299338, 37.72340055807465], [126.31703733614007, 37.71984437911994], [126.31927625077523, 37.71242037296673], [126.32294670186633, 37.709206476801135], [126.32663643409549, 37.70732650358764], [126.32827094384487, 37.70777974606638], [126.33112828419316, 37.7037340786467], [126.33410016198833, 37.70238119335005], [126.33505091314119, 37.70084446528656], [126.3356674780512, 37.70119428348098], [126.34325445073635, 37.69716203362784], [126.34622198389779, 37.697053130865406], [126.34931662600123, 37.69568725149048], [126.35751799814989, 37.69557436125986], [126.35684062363686, 37.6947847578863], [126.36022559101592, 37.692841178967534], [126.36069713888853, 37.69457974635015], [126.36290243225497, 37.69569332440674], [126.36761400057189, 37.69403006850068], [126.3668816682161, 37.691432487824976], [126.368433306249, 37.68997807291595], [126.37590480972636, 37.6867600978516], [126.37751468033667, 37.68441145461285], [126.37712088074797, 37.682239289924794], [126.37740117050865, 37.68115548972715], [126.37800134292065, 37.68066344410016], [126.37813235981307, 37.68061260192379], [126.37716662302961, 37.68227983188895], [126.37808169447841, 37.683113697075726], [126.3790737329099, 37.6827801681619], [126.37620060060804, 37.67428674399384], [126.37658813867282, 37.672237397121606], [126.37330654044189, 37.665964247770205], [126.37058441109691, 37.66366581412916], [126.36831276411321, 37.66363373954241], [126.36225239898842, 37.66108806002003], [126.34781608426398, 37.65104012184349], [126.34606793087003, 37.646041424713665]]], [[[126.33752253437662, 37.705641922903716], [126.33824971817647, 37.70577498680911], [126.33833323312318, 37.70538462375404], [126.33752253437662, 37.705641922903716]]], [[[126.32639888669759, 37.7081648027421], [126.32623011528884, 37.70839545267222], [126.3264289635123, 37.708378302038206], [126.32639888669759, 37.7081648027421]]], [[[126.32646960023602, 37.70871911203535], [126.3260877268472, 37.70853541964586], [126.32604616653943, 37.70870514588873], [126.32646960023602, 37.70871911203535]]], [[[126.32521400661744, 37.71355645192611], [126.32737528710688, 37.71410902977569], [126.33119689246543, 37.712903418404736], [126.33047636001454, 37.71161904252231], [126.32555083296171, 37.71145189044848], [126.32463282594033, 37.712264578371446], [126.32521400661744, 37.71355645192611]]], [[[126.35154170818741, 37.71687923573963], [126.35390922174257, 37.719154667399266], [126.35308969632932, 37.71927745823051], [126.35363611041036, 37.723369972893], [126.351582991332, 37.734074600993004], [126.35194809280357, 37.740108447414194], [126.35402807932411, 37.74102187407614], [126.3567489790202, 37.74051541042905], [126.35710952675366, 37.741223652469024], [126.35461873841136, 37.74168252901942], [126.35313015338848, 37.744800932112064], [126.35494063004005, 37.75718143491288], [126.3558524589006, 37.75813523635626], [126.35497645829324, 37.76767118400201], [126.35644345261699, 37.76798824658975], [126.35392364853296, 37.770086857982015], [126.35414277776485, 37.781636710220006], [126.35310497491032, 37.78210665558824], [126.35228364415713, 37.78492951825612], [126.35339976547527, 37.78534846451862], [126.35311345024532, 37.7864236838507], [126.34955238100311, 37.78954192505847], [126.3506304704374, 37.7916572546002], [126.3518390411749, 37.79232890804633], [126.3541166307073, 37.79194889664161], [126.36985315468318, 37.80143108200421], [126.37641644300356, 37.80289777052493], [126.37709040669495, 37.803926324286934], [126.37873227299428, 37.803319629182056], [126.38203229238745, 37.80427531046004], [126.3869581676243, 37.807055422747396], [126.39229068498729, 37.81972680601765], [126.39251870501056, 37.82231318616657], [126.39065998723088, 37.823122935961], [126.39131744626341, 37.82377960339352], [126.39928162266985, 37.82371024538638], [126.40101505802748, 37.82258171714155], [126.40503733375535, 37.82209808911927], [126.41054573346369, 37.82363015752545], [126.41388721125405, 37.82188944404543], [126.41924767417512, 37.8246517327284], [126.4200664860192, 37.82682072879316], [126.42140622579464, 37.826563396348845], [126.42413444049306, 37.82860257573276], [126.42623346233471, 37.8321790049528], [126.4296066914143, 37.830495203604855], [126.43585759902672, 37.82957355917769], [126.43611568059687, 37.827369205297984], [126.43768057333875, 37.826375251818675], [126.43729037155524, 37.825242553562894], [126.44020472621662, 37.8226684165165], [126.44307896058464, 37.82236547941356], [126.44331599577768, 37.81994054683394], [126.44958217198229, 37.81319244232995], [126.44915752693356, 37.81248025000641], [126.44968919723264, 37.81178520691007], [126.4506773995264, 37.81210871962045], [126.4592221139294, 37.80629965454601], [126.46734921759749, 37.80280911083761], [126.47161166546952, 37.79913955855997], [126.48778739343128, 37.789732215343655], [126.49769644205509, 37.786072900491], [126.49908191633767, 37.786833358526756], [126.50588537211152, 37.78333384194437], [126.50799561230991, 37.77523241733077], [126.51211820390401, 37.771429869304406], [126.51058970591043, 37.77085260763248], [126.50936503451953, 37.7682712545235], [126.51046157533892, 37.763757117311975], [126.51992638710949, 37.751779605880365], [126.52319327455561, 37.749260179185015], [126.52570406261887, 37.74870681372834], [126.5232732835332, 37.74296817728379], [126.524420665271, 37.74125560052692], [126.5169313216411, 37.73356494168028], [126.51337157615141, 37.72685725921077], [126.51307055484901, 37.72133795521671], [126.51199960226336, 37.72011052832178], [126.51401517592586, 37.71055081323154], [126.52502379064111, 37.70297002658573], [126.52233395004167, 37.70170900024697], [126.52061770403706, 37.69750882030002], [126.51971699014096, 37.690378815037896], [126.51854190241524, 37.688436644275896], [126.51855229692316, 37.68411133136837], [126.51964578218531, 37.6844132838769], [126.51985737682075, 37.68361281442164], [126.51661118293691, 37.67994639800046], [126.51721778196344, 37.67420570066536], [126.52017993745194, 37.66976796467962], [126.52641222764265, 37.66636390781997], [126.52659192763261, 37.664841198354715], [126.52707665144631, 37.66611571735492], [126.52901745727551, 37.66663664327851], [126.53224148570278, 37.66507355402958], [126.53301436530607, 37.66151619857021], [126.53089304799258, 37.6618857096571], [126.52662083587667, 37.66044749424705], [126.52571396952722, 37.66091015286825], [126.5248584764268, 37.66113177844165], [126.52607903804655, 37.660696005629845], [126.52294241270098, 37.657335782472614], [126.52221248205595, 37.65335292489645], [126.52396041203389, 37.6512869061296], [126.52607375904017, 37.6505595678386], [126.5269331880763, 37.64859206229931], [126.52528302457446, 37.64725271894355], [126.52215567972844, 37.647678815870165], [126.52126554164231, 37.64727922938206], [126.52324791382298, 37.64643397557135], [126.52607523298316, 37.64688511172956], [126.52930622883223, 37.639063569827954], [126.5312470783988, 37.63712103775374], [126.53232695298489, 37.6373154054694], [126.53196497954735, 37.63415472324642], [126.53442588457763, 37.62987678055678], [126.53615232257933, 37.63099994108124], [126.5369676951572, 37.630168638703736], [126.53444414395202, 37.62856103865026], [126.53559169935804, 37.623273277225245], [126.5372759645927, 37.62357889390971], [126.53796198643984, 37.62602023332585], [126.53982123939804, 37.626787032687396], [126.53977278420938, 37.62507932143613], [126.54044508360866, 37.62539465956284], [126.54396013119941, 37.6202395083198], [126.54312803785258, 37.61899100848021], [126.53582792365177, 37.618794674208004], [126.53550937474294, 37.6151768481316], [126.52092945414306, 37.61211828740661], [126.52043307519139, 37.610130699902236], [126.52180257643805, 37.60897255896341], [126.51722412874922, 37.60617992392365], [126.51595280119696, 37.6065776789096], [126.51564050560782, 37.60227180913214], [126.51443865927732, 37.6017377761143], [126.51542216955711, 37.601423201125606], [126.51308278395102, 37.60033319346938], [126.51112146337329, 37.597523253988605], [126.50490044655172, 37.59735251943266], [126.49892248380598, 37.599240678576344], [126.49650486188949, 37.599051281402794], [126.49646938948905, 37.598293320039126], [126.49633599039127, 37.598294343878955], [126.49628006599373, 37.59765081770812], [126.49600109394127, 37.597208127658334], [126.4958928084294, 37.59954747644077], [126.49457095064912, 37.600348034050285], [126.48926727273648, 37.60135299288156], [126.48476496792513, 37.60359604412705], [126.48391380839904, 37.60490766304936], [126.48005603176642, 37.60626596216453], [126.47765170545776, 37.604152092781625], [126.4791432402179, 37.60066388270925], [126.47863222226832, 37.59973042772632], [126.46377490711751, 37.59607031152185], [126.46281793535103, 37.59490917871141], [126.46384958804065, 37.594176471562896], [126.46288951596328, 37.59284380648339], [126.46341196857836, 37.590096767269834], [126.4628795067915, 37.59137954264063], [126.4622395944522, 37.58998230892901], [126.46079115965804, 37.592497599610375], [126.4563472606083, 37.59442441485388], [126.4514007378825, 37.59383049959786], [126.44760991549609, 37.59526814915177], [126.4439915931627, 37.59491812298742], [126.44405061966337, 37.59588663233959], [126.44302638370472, 37.59556004402444], [126.44324820756707, 37.59446227580255], [126.43957683673847, 37.592882476801485], [126.41493457641955, 37.59408032302292], [126.41254800904697, 37.59486456429213], [126.41226786135887, 37.59359273274476], [126.41215351197754, 37.593589837329425], [126.4122192814187, 37.594655943294455], [126.40313336350918, 37.595017812285924], [126.39627611100401, 37.59879682954836], [126.39385965938061, 37.60142815712396], [126.38721974508493, 37.60438337234686], [126.38609156248943, 37.60852955562042], [126.37910081482237, 37.60973590572535], [126.37541767380287, 37.612429633480396], [126.37168223801366, 37.61210270703981], [126.37140841194888, 37.61393302871621], [126.37426885052274, 37.61419357329421], [126.37813825606716, 37.6161917171691], [126.37797639274612, 37.619541818573445], [126.37566518325907, 37.62137993395785], [126.37638384644175, 37.62152926735512], [126.37580703582367, 37.625490612829005], [126.37313330815999, 37.626899407231654], [126.37528701357606, 37.62786058226819], [126.3745423968139, 37.631244345857574], [126.37292468297676, 37.63300053874516], [126.36791083630374, 37.634079573333096], [126.36607013452152, 37.63529066935728], [126.36912520294086, 37.636311801917806], [126.36921397198896, 37.637249892326444], [126.37501842369436, 37.63649890978876], [126.38108857555056, 37.63754134432196], [126.3808460145734, 37.639052669584764], [126.38508811782687, 37.63874972441964], [126.38791063602326, 37.64048598096469], [126.38991832212885, 37.640297337457255], [126.39081490518228, 37.64156795295648], [126.3942470896856, 37.63982038302073], [126.39752939146832, 37.64023809750109], [126.4039385705952, 37.643907763694955], [126.40591921495809, 37.64703457314546], [126.40753418340549, 37.64785416793501], [126.40658311710456, 37.648760808219144], [126.40762538272826, 37.64792874933084], [126.40932183370856, 37.64935970909197], [126.4101233031881, 37.649946391465406], [126.41035081037514, 37.6501757366992], [126.411145702394, 37.65229254773548], [126.40945936953116, 37.65770133151856], [126.40849310973358, 37.657665457866614], [126.40943752086355, 37.65780401261647], [126.40986804485482, 37.65994924561105], [126.40546714106318, 37.66763427075618], [126.40504797763163, 37.67312702528999], [126.40338394947557, 37.67644170533802], [126.4001608631603, 37.67854454198087], [126.39851776834654, 37.68124342410719], [126.39519011253053, 37.682096400544786], [126.3903607805546, 37.68643140393602], [126.38798777930407, 37.69078955921637], [126.38945951342534, 37.69095800037212], [126.39210463551663, 37.694569053903244], [126.3878017635879, 37.69888783845164], [126.38520191090316, 37.700318184859604], [126.37878429420192, 37.70086497985656], [126.37853311694066, 37.699987421101305], [126.37869435268352, 37.7008757577555], [126.37743319822665, 37.70134826226088], [126.37360237207007, 37.70068528393511], [126.37095798790138, 37.703564954908046], [126.36633156399174, 37.7043678838629], [126.35886754968544, 37.70377130023913], [126.35522332732026, 37.706854902378474], [126.35444726234007, 37.71012848927835], [126.35197655792179, 37.71339460135469], [126.35154170818741, 37.71687923573963]], [[126.40936760851952, 37.64909038536532], [126.40913361502847, 37.64920060904435], [126.40913361502847, 37.64920060904435], [126.40933089006857, 37.64910249348827], [126.40936760851952, 37.64909038536532]], [[126.41036738309977, 37.649355790002936], [126.4102849535176, 37.64929800899408], [126.41029915396955, 37.64930759793564], [126.41036738309977, 37.649355790002936]], [[126.4103888849362, 37.64933926595994], [126.4103888849362, 37.6493392659599], [126.41039150929133, 37.64934036123059], [126.4103888849362, 37.64933926595994]], [[126.41069357054921, 37.64925085807738], [126.41082215329547, 37.64898369681302], [126.41053428865551, 37.64930511092196], [126.41069357054921, 37.64925085807738]], [[126.41089432509081, 37.64882901414358], [126.41089432509081, 37.64882901414358], [126.41092393734499, 37.648791754168805], [126.41089432509081, 37.64882901414358]], [[126.41103411549965, 37.648676261804006], [126.41103411549965, 37.648676261804], [126.41112740269611, 37.648643926269976], [126.41103411549965, 37.648676261804006]], [[126.41131652033705, 37.64853632278323], [126.41131652033705, 37.64853632278321], [126.41133718171572, 37.64853386796345], [126.41131652033705, 37.64853632278323]], [[126.41195367080726, 37.64846069227795], [126.41195367080729, 37.64846069227795], [126.41212638751442, 37.648446383460495], [126.41195367080726, 37.64846069227795]], [[126.41238323764935, 37.648400239242015], [126.41238323764932, 37.648400239242015], [126.41243353501797, 37.64838487222195], [126.41238323764935, 37.648400239242015]], [[126.41278041864832, 37.64830685498125], [126.4127804186483, 37.64830685498125], [126.41283215406568, 37.64829425517744], [126.41278041864832, 37.64830685498125]], [[126.41328646229066, 37.64823578851262], [126.41328646229069, 37.64823578851262], [126.41326406131151, 37.648242488681404], [126.41328646229066, 37.64823578851262]], [[126.41341853285881, 37.64834457604068], [126.41340179656191, 37.64831696372328], [126.4133956108803, 37.64826077582446], [126.41336973407326, 37.64825065772893], [126.4133956108803, 37.64826077582445], [126.41341853285881, 37.64834457604068]], [[126.41388182440458, 37.649320100993556], [126.41388182440458, 37.649320100993556], [126.41388301847161, 37.64932510812872], [126.41388182440458, 37.649320100993556]], [[126.41422895538909, 37.6494014419369], [126.41424154015907, 37.649427638289076], [126.41425370565139, 37.64945697207211], [126.41422946392663, 37.64940567575068], [126.41422895538909, 37.6494014419369]], [[126.41479860427611, 37.6489589358144], [126.41468019651758, 37.64910853563461], [126.41504870082261, 37.64877520743742], [126.41479860427611, 37.6489589358144]], [[126.41518506823948, 37.64868940583641], [126.41518506823951, 37.64868940583641], [126.41516263729301, 37.648697125879195], [126.41518506823948, 37.64868940583641]], [[126.41560188232425, 37.64873907456089], [126.41582329952924, 37.64893324150536], [126.41527443853609, 37.64869970806502], [126.41560188232425, 37.64873907456089]], [[126.41593729400614, 37.64908741267087], [126.41593729400617, 37.649087412670866], [126.4160251102478, 37.64915829486773], [126.41593729400614, 37.64908741267087]], [[126.41615803260206, 37.64914594455402], [126.41615795460994, 37.64914917196846], [126.41615803260206, 37.64914594455402], [126.41615803260206, 37.64914594455402]], [[126.41616716043156, 37.649496005185284], [126.41616716043156, 37.649496005185284], [126.41617130144023, 37.64950361270648], [126.41616716043156, 37.649496005185284]], [[126.41620824693116, 37.64954955262134], [126.41654480816449, 37.649584687622955], [126.4164755326903, 37.64959699219277], [126.41636149559478, 37.64960399471393], [126.4162335850978, 37.64956671801695], [126.41620824693116, 37.64954955262134]], [[126.41656575326299, 37.649583025528756], [126.41655993881736, 37.64958413954496], [126.41655993881733, 37.649584139544956], [126.41656575326299, 37.649583025528756]], [[126.41695702323332, 37.649334668561124], [126.41665115926459, 37.64951873137592], [126.41663843896163, 37.64954657420444], [126.41695702323332, 37.649334668561124]], [[126.41717548398607, 37.649307503896026], [126.41717548398607, 37.64930750389605], [126.41713745589048, 37.649302766790875], [126.41717548398607, 37.649307503896026]], [[126.41751941190095, 37.65012896415174], [126.4174984050779, 37.64978922642431], [126.41744568440707, 37.64962822363457], [126.4174984050779, 37.6497892264243], [126.41751941190095, 37.65012896415174]], [[126.41776490475016, 37.650377424038986], [126.41776490475016, 37.650377424039], [126.41754979521684, 37.65024480075551], [126.41776490475016, 37.650377424038986]], [[126.41848111497089, 37.65036096440581], [126.41848111497089, 37.65036096440581], [126.41841174928385, 37.65037345549815], [126.41848111497089, 37.65036096440581]], [[126.41874908104063, 37.65036830685281], [126.41874908104063, 37.65036830685281], [126.41878571655984, 37.65040465152707], [126.41874908104063, 37.65036830685281]], [[126.41895807955218, 37.6507382740934], [126.4189006655133, 37.65060867581356], [126.41881914433839, 37.650452811935544], [126.4189006655133, 37.65060867581354], [126.41895807955218, 37.6507382740934]], [[126.41922640697935, 37.65087063547586], [126.41922640697929, 37.65087063547585], [126.41925572152054, 37.65084711266467], [126.41922640697935, 37.65087063547586]], [[126.41983885582678, 37.65024723488073], [126.4199307172372, 37.65018375798562], [126.4198388558268, 37.65024723488073], [126.41971198181494, 37.65043260416939], [126.41966445820968, 37.65049061708279], [126.41957113352002, 37.65057464912215], [126.41954357209451, 37.65059675948742], [126.41983885582678, 37.65024723488073]], [[126.42007714795808, 37.649319543042246], [126.42007714795808, 37.64931954304224], [126.42007781739855, 37.64931800028179], [126.42007714795808, 37.649319543042246]], [[126.4200472147196, 37.648931344235564], [126.42000707225974, 37.64902196970631], [126.42007796720021, 37.64931765505604], [126.4200472147196, 37.648931344235564]], [[126.42012470883239, 37.64887866557146], [126.42012470883236, 37.648878665571466], [126.42023175338267, 37.648782536878095], [126.42012470883239, 37.64887866557146]], [[126.4204714504857, 37.64849819735803], [126.420332701055, 37.64863636709056], [126.42034880115193, 37.6486743769821], [126.4204714504857, 37.64849819735803]], [[126.4205557693256, 37.648390268325414], [126.4205557693256, 37.648390268325414], [126.42058135281724, 37.64829182729107], [126.4205557693256, 37.648390268325414]], [[126.42063540418849, 37.64810373047175], [126.42063540418849, 37.64810373047175], [126.42062921534782, 37.648124974281636], [126.42063540418849, 37.64810373047175]], [[126.42072115921182, 37.64779365345981], [126.4207042441327, 37.64781810343542], [126.42075539287629, 37.647744160735215], [126.42072115921182, 37.64779365345981]], [[126.42081029416886, 37.647656253752274], [126.42081029416883, 37.64765625375227], [126.42083441757198, 37.64764734691158], [126.42081029416886, 37.647656253752274]], [[126.42115937580094, 37.647441713123264], [126.42104344276659, 37.647509129480476], [126.42101458543135, 37.64753679796647], [126.42115937580094, 37.647441713123264]], [[126.42121785832606, 37.64740748381266], [126.42118407065337, 37.64743507734185], [126.42118407065337, 37.647435077341854], [126.42121785832606, 37.64740748381266]], [[126.42231504256151, 37.64737396388876], [126.42231504256151, 37.64737396388876], [126.42232563864549, 37.6473734971071], [126.42231504256151, 37.64737396388876]], [[126.4226641405664, 37.647310271437945], [126.42248855989637, 37.647338245504045], [126.42245198886941, 37.64735266158661], [126.4226641405664, 37.647310271437945]], [[126.42340487291376, 37.64708437870929], [126.42298270178355, 37.64726268596839], [126.42301676279115, 37.64724379388669], [126.42340487291376, 37.64708437870929]], [[126.423405318913, 37.64708535168008], [126.42367538745629, 37.64714890661891], [126.42366744517676, 37.647079396901916], [126.423405318913, 37.64708535168008]], [[126.42371667118013, 37.647039042093425], [126.42365586863401, 37.64705911101704], [126.42365586863401, 37.647059111017036], [126.42370278644505, 37.64704058273976], [126.42371667118013, 37.647039042093425]], [[126.42382586834823, 37.64704873557254], [126.42382586834823, 37.64704873557254], [126.42386406711046, 37.64706396274877], [126.42382586834823, 37.64704873557254]], [[126.42477349820193, 37.647302569678075], [126.42518684307586, 37.64726735996604], [126.42510002869317, 37.64728438033545], [126.42477349820193, 37.647302569678075], [126.42467132425845, 37.64733215333984], [126.42463717777795, 37.64733290548524], [126.42477349820193, 37.647302569678075]], [[126.42541836453584, 37.647207210674985], [126.42529735750995, 37.647236079563854], [126.42521040250392, 37.64726200310386], [126.42541836453584, 37.647207210674985]], [[126.42545694293769, 37.647196826935726], [126.42544957369155, 37.647199991496805], [126.42544957369155, 37.647199991496805], [126.42545694293769, 37.647196826935726]], [[126.42568549999325, 37.64709532500493], [126.42568549999324, 37.64709532500493], [126.42575493604782, 37.647045883037556], [126.42568549999325, 37.64709532500493]], [[126.42616665569626, 37.64672262805418], [126.42616665569629, 37.64672262805418], [126.42592134922745, 37.64688658204197], [126.42616665569626, 37.64672262805418]], [[126.42628612779336, 37.64666989156067], [126.42629911274987, 37.646711821660034], [126.42628612779336, 37.64666989156067], [126.42628612779336, 37.64666989156067]], [[126.42779067910368, 37.64630226065254], [126.42692726418905, 37.64654500682648], [126.42630338560993, 37.646725619265794], [126.42779067910368, 37.64630226065254]], [[126.42856326583686, 37.6461112384568], [126.42856326583686, 37.646111238456776], [126.4286249932569, 37.646107156740655], [126.42856326583686, 37.6461112384568]], [[126.42880786679231, 37.64606520654003], [126.42880786679231, 37.646065206540015], [126.42909246979477, 37.645983661063305], [126.42880786679231, 37.64606520654003]], [[126.43039698448534, 37.64561349008492], [126.43039698448533, 37.64561349008492], [126.43076824155314, 37.64550780391126], [126.43039698448534, 37.64561349008492]], [[126.43095341478406, 37.64545508988486], [126.43095459087083, 37.645456053393275], [126.43095341478406, 37.64545508988488], [126.43095341478406, 37.64545508988486]], [[126.43115413628186, 37.6454643132719], [126.43115413628186, 37.6454643132719], [126.43121711587519, 37.645446746155365], [126.43115413628186, 37.6454643132719]], [[126.43247631347562, 37.64509834710974], [126.43247631347562, 37.64509834710972], [126.4327138437316, 37.64503319556895], [126.43247631347562, 37.64509834710974]], [[126.4361210030398, 37.644082022547884], [126.43406039985123, 37.644660458711975], [126.43397744581219, 37.6446834873393], [126.4361210030398, 37.644082022547884]], [[126.44113141120495, 37.64266782336462], [126.44113141120495, 37.64266782336462], [126.44118501448379, 37.64264198893761], [126.44113141120495, 37.64266782336462]], [[126.44157218931339, 37.642291150170216], [126.44220683468163, 37.640806620874756], [126.44134092151619, 37.642545813843064], [126.44157218931339, 37.642291150170216]], [[126.44232385138156, 37.64088521721109], [126.44232385138156, 37.64088521721109], [126.44232049653421, 37.64088287494557], [126.44232385138156, 37.64088521721109]], [[126.44245505324109, 37.640933617202506], [126.44245505324109, 37.6409336172025], [126.4425015284292, 37.640962397053414], [126.44245505324109, 37.640933617202506]], [[126.44253812502018, 37.64098505953533], [126.44291914065195, 37.64078421882032], [126.44266371299412, 37.640896593992174], [126.44261802975744, 37.64092992956721], [126.44253812502018, 37.64098505953533]], [[126.44303837953396, 37.64072497717808], [126.44303837953396, 37.64072497717808], [126.44313984838351, 37.64072032630657], [126.44303837953396, 37.64072497717808]], [[126.44323957044149, 37.64071086519482], [126.44323957044149, 37.640710865194805], [126.4433292446095, 37.64069045349374], [126.44323957044149, 37.64071086519482]], [[126.44337063544107, 37.64068067225905], [126.44337063544107, 37.640680672259045], [126.44341789886482, 37.64068330435686], [126.44337063544107, 37.64068067225905]], [[126.44390730037662, 37.64082775390101], [126.44409230202457, 37.640914073629354], [126.44405717862413, 37.64088984287886], [126.44390730037662, 37.64082775390101]], [[126.44424865293615, 37.64102138805136], [126.44450564536554, 37.641187198525245], [126.44435195669745, 37.64110624182681], [126.44424865293615, 37.64102138805136]], [[126.444661326958, 37.641260767499084], [126.444661326958, 37.64126076749907], [126.44479127148608, 37.64129107638363], [126.444661326958, 37.641260767499084]], [[126.44492427831017, 37.64131818350646], [126.44492427831017, 37.64131818350645], [126.44495362488469, 37.6413210140798], [126.44492427831017, 37.64131818350646]], [[126.44498978762145, 37.641307697837334], [126.44498818604912, 37.64132498995153], [126.44498818604912, 37.64132498995153], [126.44498978762145, 37.641307697837334]], [[126.44672992414203, 37.640920658550755], [126.44672992414203, 37.64092065855074], [126.44695626694235, 37.64088115972657], [126.44672992414203, 37.640920658550755]], [[126.44757161591053, 37.64077285348687], [126.45605145140944, 37.63928524312717], [126.45709187027107, 37.63910485483419], [126.457436872185, 37.639045357137455], [126.44757161591053, 37.64077285348687]], [[126.4588077833834, 37.63880504391182], [126.45880778338338, 37.6388050439118], [126.45984756424147, 37.63862051683027], [126.4588077833834, 37.63880504391182]], [[126.46026737494358, 37.63854530570425], [126.46026737494358, 37.63854530570425], [126.46056625231633, 37.63849947882396], [126.46026737494358, 37.63854530570425]], [[126.46275921773682, 37.63813121970376], [126.46275921773682, 37.63813121970376], [126.46278460752278, 37.638131963084376], [126.46275921773682, 37.63813121970376]], [[126.46466050540563, 37.63706638342754], [126.46364692706237, 37.63737082619361], [126.46303864707255, 37.6379513337628], [126.46466050540563, 37.63706638342754]], [[126.4652137028593, 37.63725991349356], [126.46507103940924, 37.637144016268365], [126.46526725422243, 37.63733205021684], [126.4652137028593, 37.63725991349356]], [[126.46582418449238, 37.638305853786406], [126.46564611236668, 37.63790472125818], [126.46582877405537, 37.63832067805903], [126.46582418449238, 37.638305853786406]], [[126.46596737261608, 37.638628914930976], [126.46606229586097, 37.63873433537886], [126.46604936911372, 37.63874685429867], [126.46596737261608, 37.638628914930976]], [[126.46633611892553, 37.638169554175946], [126.46623823066322, 37.63848681392119], [126.46633611892551, 37.63816955417591], [126.46633611892553, 37.638169554175946]], [[126.46636361516506, 37.638213898367475], [126.46639412216479, 37.63825299780848], [126.46636101792566, 37.638209709706956], [126.46636361516506, 37.638213898367475]], [[126.46663201932725, 37.63856569083024], [126.46674013126686, 37.638714887023454], [126.46656509701185, 37.638474311001104], [126.46663201932725, 37.63856569083024]], [[126.46693469911241, 37.638926890906376], [126.46700128782449, 37.63890933609715], [126.46692043097272, 37.63892634598585], [126.46693469911241, 37.638926890906376]], [[126.46722639291906, 37.63889240774159], [126.46716353436321, 37.6388735358192], [126.46723227655457, 37.63889871571107], [126.46722639291906, 37.63889240774159]], [[126.46730210962363, 37.63899210925601], [126.46730294992595, 37.63900264806553], [126.46729951690513, 37.63898510466946], [126.46730210962363, 37.63899210925601]], [[126.4672915166625, 37.63924048496973], [126.46730528052167, 37.63922623570642], [126.4672915166625, 37.639240484969754], [126.4672915166625, 37.63924048496973]], [[126.4672782495425, 37.63940503159256], [126.46727922722755, 37.63939441832957], [126.4672782495425, 37.63940503159256], [126.4672782495425, 37.63940503159256]], [[126.4672775978312, 37.639404165797764], [126.46713686048813, 37.63923474819789], [126.4671717920374, 37.6392708910319], [126.46719010158564, 37.6392866327613], [126.4672775978312, 37.639404165797764]], [[126.4669624051104, 37.639425945011645], [126.46710972891519, 37.63921154025793], [126.46695273689724, 37.63944068439437], [126.4669624051104, 37.639425945011645]], [[126.46675990911905, 37.639828723708774], [126.46673781792985, 37.63987012491828], [126.46678088157786, 37.639787561102], [126.46675990911905, 37.639828723708774]], [[126.46688361682669, 37.641255352819066], [126.46683793107749, 37.640967981567805], [126.4669101673789, 37.64140661299317], [126.46688361682669, 37.641255352819066]], [[126.46690979045685, 37.64148447015343], [126.4669133184559, 37.64144317406217], [126.46689012118249, 37.641531684729685], [126.46690979045685, 37.64148447015343]], [[126.46686392083214, 37.641594279353384], [126.46683831653414, 37.641631605811114], [126.46688548161109, 37.64154281367498], [126.46686392083214, 37.641594279353384]], [[126.4665983935376, 37.64191414429808], [126.46664453205436, 37.64186327731351], [126.46656299478344, 37.64196568844758], [126.4665983935376, 37.64191414429808]], [[126.46644422131995, 37.642187708470736], [126.46644140475811, 37.642199398355274], [126.466449190282, 37.64217468417409], [126.46644422131995, 37.642187708470736]], [[126.4664271488456, 37.64267393678982], [126.46642731274197, 37.642674966606386], [126.46642700181542, 37.64258889405832], [126.4664271488456, 37.64267393678982]], [[126.46699051585017, 37.64452067111458], [126.46673414416377, 37.643715530609605], [126.46657620737949, 37.64321415623356], [126.46699051585017, 37.64452067111458]], [[126.467160722052, 37.64505582191967], [126.46715493357578, 37.64503715771359], [126.467160722052, 37.64505582191968], [126.467160722052, 37.64505582191967]], [[126.46722183500489, 37.64520361390173], [126.46723372226315, 37.645223298615306], [126.46716461328504, 37.6450652322677], [126.46722183500489, 37.64520361390173]], [[126.46748472035978, 37.64562348079184], [126.46785073585608, 37.646126860366444], [126.46752159506241, 37.64567921263243], [126.46748472035978, 37.64562348079184]], [[126.467901173743, 37.64617378558126], [126.4679176164085, 37.64617954412088], [126.46789583251407, 37.64616851883072], [126.467901173743, 37.64617378558126]], [[126.46814957601589, 37.646310666415836], [126.46815550117267, 37.646315900343595], [126.4680513268191, 37.64626376517243], [126.46814957601589, 37.646310666415836]], [[126.4682736896115, 37.64642230756533], [126.46828458733408, 37.646430286523554], [126.4682513109605, 37.6464021394085], [126.4682736896115, 37.64642230756533]], [[126.46872687875164, 37.646685878466734], [126.46872687875164, 37.64668587846673], [126.46874669138482, 37.64667232731302], [126.46872687875164, 37.646685878466734]], [[126.46872595881585, 37.646651277215256], [126.46873801649623, 37.646644236084946], [126.4687433691109, 37.64666895415797], [126.46872595881585, 37.646651277215256]], [[126.46888438984334, 37.64679969184948], [126.46875722948755, 37.64665959019249], [126.46874182030264, 37.646642014836544], [126.46888438984334, 37.64679969184948]], [[126.46888476501114, 37.64680000498624], [126.46888476501114, 37.64680000498624], [126.46888505196358, 37.64680023342768], [126.46888476501114, 37.64680000498624]], [[126.46951332938343, 37.64741137155802], [126.46951332938343, 37.64741137155802], [126.46941931406865, 37.64728665053295], [126.46951332938343, 37.64741137155802]], [[126.47002500517674, 37.647999828223114], [126.47002762197646, 37.64800284271754], [126.47001625807607, 37.647988181838045], [126.47002500517674, 37.647999828223114]], [[126.47021243539012, 37.64819365034757], [126.47021243539012, 37.648193650347565], [126.47059448401626, 37.648573154281905], [126.47021243539012, 37.64819365034757]], [[126.4706759008415, 37.6486349755314], [126.47089513370746, 37.64886110285498], [126.4705975688009, 37.648575496616864], [126.4706759008415, 37.6486349755314]], [[126.47089667904588, 37.648862696785066], [126.47089667904588, 37.648862696785066], [126.47089513370746, 37.64886110285498], [126.47089667904588, 37.648862696785066]], [[126.47148519536617, 37.64945531271543], [126.47131413293253, 37.64931909986063], [126.47136508595723, 37.649352855787036], [126.47148519536617, 37.64945531271542], [126.4715730337093, 37.64950113068458], [126.47148519536617, 37.64945531271543]], [[126.47182091217613, 37.649657600745485], [126.47182353126523, 37.64968426913171], [126.47181617671266, 37.64963945073253], [126.47182091217613, 37.649657600745485]], [[126.47183604269681, 37.649762469011954], [126.471831973257, 37.64973909577215], [126.47183604269681, 37.64976246901196], [126.47183604269681, 37.649762469011954]], [[126.47196935091807, 37.650069105467416], [126.47184013203236, 37.64977099136129], [126.47188385619611, 37.64986211425026], [126.47196935091807, 37.650069105467416]], [[126.47207942115986, 37.65044990618671], [126.47208021027384, 37.65038205993674], [126.47205188065304, 37.65025972497693], [126.47207942115986, 37.65044990618671]], [[126.4720531583089, 37.65076246135168], [126.47204651024931, 37.65080616355122], [126.47205329415279, 37.650759889342744], [126.4720531583089, 37.65076246135168]], [[126.47217406273629, 37.6510056069024], [126.47212018468626, 37.65094306586828], [126.47214270589507, 37.65096761663863], [126.47217406273629, 37.6510056069024], [126.47221172124996, 37.651046179817186], [126.47217406273629, 37.6510056069024]], [[126.4723398102139, 37.65119084120182], [126.4722764403344, 37.651114987831484], [126.47234447229003, 37.651200028198865], [126.4723398102139, 37.65119084120182]], [[126.4723580902835, 37.65126240580059], [126.4723580902835, 37.651262405800566], [126.47235927735328, 37.65126635539459], [126.4723580902835, 37.65126240580059]], [[126.47239148219202, 37.65135378733909], [126.47239096782285, 37.65135261958823], [126.47239148219202, 37.65135378733909], [126.47239148219202, 37.65135378733909]], [[126.4724042662586, 37.651417398782264], [126.47240427045311, 37.651417783027775], [126.47239940710386, 37.651393220428595], [126.4724042662586, 37.651417398782264]], [[126.47239332293451, 37.65158466799777], [126.47238770577269, 37.65153375913802], [126.47241436567458, 37.651620718572026], [126.47239332293451, 37.65158466799777]], [[126.47252393877346, 37.65177701524124], [126.47252436390914, 37.65177751520887], [126.47252354975737, 37.651776550194086], [126.47252393877346, 37.65177701524124]], [[126.4727747321259, 37.65214146285452], [126.47278458184628, 37.65215821038781], [126.47274266059246, 37.6520893562119], [126.4727747321259, 37.65214146285452]], [[126.47300738161186, 37.6531396163928], [126.47306013225635, 37.65303885077682], [126.4730738102543, 37.65296844058144], [126.47300738161186, 37.6531396163928]], [[126.47300194270369, 37.653185979004284], [126.47300194270372, 37.65318597900428], [126.47299280156, 37.65325070880816], [126.47300194270369, 37.653185979004284]], [[126.47301494896315, 37.653611698282155], [126.4730137328167, 37.65354183259281], [126.47301432519164, 37.65354621333878], [126.47301494896315, 37.65361169828217], [126.4730239645324, 37.65365034736828], [126.47301494896315, 37.653611698282155]], [[126.47304394968548, 37.653856447979436], [126.47304232479658, 37.65381509667984], [126.47304189643611, 37.6537652083209], [126.47304489003757, 37.65384808349543], [126.47304394968548, 37.653856447979436]], [[126.47292416286015, 37.65401693306296], [126.47301942370017, 37.653923071371935], [126.47292277704938, 37.6540182337078], [126.47292416286015, 37.65401693306296]], [[126.47275242277637, 37.6542106907868], [126.47285083886584, 37.65408485260065], [126.47285637590176, 37.65407992505969], [126.47275242277637, 37.6542106907868]], [[126.47273758501812, 37.654407827510894], [126.47275332143609, 37.654297376855475], [126.4727299868103, 37.65445343677841], [126.47273758501812, 37.654407827510894]], [[126.47270801544848, 37.65460815067417], [126.47271998298932, 37.654519283090856], [126.47270753333125, 37.65466758626952], [126.47270801544848, 37.65460815067417]], [[126.47266635319959, 37.65488692069011], [126.47266135844816, 37.654906697012144], [126.47267554037359, 37.65485836781883], [126.47266635319959, 37.65488692069011]], [[126.47263168600465, 37.65509171677923], [126.47264097738875, 37.655016444480225], [126.47262862713936, 37.65515372601739], [126.47263168600465, 37.65509171677923]], [[126.47261863503036, 37.65554493370616], [126.47261822691995, 37.65554853027526], [126.4726182042245, 37.6555408909685], [126.47261863503036, 37.65554493370616]], [[126.47253619481916, 37.655753885227256], [126.47253597011344, 37.65575438109785], [126.47253653461155, 37.65575306937944], [126.47253619481916, 37.655753885227256]], [[126.47247234782917, 37.655905717812566], [126.47244539222953, 37.65595946584148], [126.47249559323619, 37.65584786328361], [126.47247234782917, 37.655905717812566]], [[126.47233616028822, 37.65617972104413], [126.47235061691293, 37.65615110654587], [126.47233616028822, 37.65617972104413], [126.47233616028822, 37.65617972104413]], [[126.47220576931039, 37.6561127439701], [126.47231100905252, 37.65616680179524], [126.47220576931039, 37.65611274397012], [126.47220576931039, 37.6561127439701]], [[126.47225987276558, 37.656334290685116], [126.47224661209194, 37.65627999004785], [126.47225987276558, 37.656334290685116], [126.47225987276558, 37.656334290685116]], [[126.47215334045012, 37.656713677417635], [126.47209837490787, 37.656882764346186], [126.4721546272899, 37.656700373801215], [126.47215334045012, 37.656713677417635]], [[126.47203785450081, 37.657515945618044], [126.47209188924782, 37.65756647999962], [126.4720059052381, 37.65733808943532], [126.47203785450081, 37.657515945618044]], [[126.47213949458163, 37.6576582766597], [126.47213949458163, 37.6576582766597], [126.47214161948752, 37.65766056824528], [126.47213949458163, 37.6576582766597]], [[126.47219692222545, 37.65779321953933], [126.47219807818496, 37.65779646789586], [126.47219347332134, 37.65778264946353], [126.47219692222545, 37.65779321953933]], [[126.47223105831507, 37.65802119959437], [126.47223052518409, 37.657948102415475], [126.47222313725852, 37.658036564039506], [126.47223105831507, 37.65802119959437]], [[126.47220660032905, 37.65808835946522], [126.47222352584124, 37.658062177700025], [126.47222352584124, 37.658062177700025], [126.47220660032905, 37.65808835946522]], [[126.47218995240634, 37.65811411181173], [126.47218995240634, 37.65811411181173], [126.47219196620225, 37.65811534693424], [126.47218995240634, 37.65811411181173]], [[126.47222789610983, 37.658184088789376], [126.47222789610983, 37.658184088789376], [126.47220793085884, 37.65822905208057], [126.47222789610983, 37.658184088789376]], [[126.47217576828425, 37.65827790656742], [126.47216904819275, 37.65829165181766], [126.4721940937149, 37.65825681513613], [126.47217576828425, 37.65827790656742]], [[126.47212000548517, 37.65840801687339], [126.47213548246953, 37.658357806162755], [126.47212207641604, 37.65843521705587], [126.47212000548517, 37.65840801687339]], [[126.47213779159823, 37.658544707363404], [126.47214805477489, 37.6585100598405], [126.47214805477489, 37.6585100598405], [126.47213779159823, 37.658544707363404]], [[126.47204734206156, 37.65873966910066], [126.47205616862165, 37.65872344098682], [126.47204734206156, 37.65873966910067], [126.47204734206156, 37.65873966910066]], [[126.4720727730194, 37.65882103220607], [126.47208736239894, 37.65884028938267], [126.47207149409995, 37.658816940470714], [126.4720727730194, 37.65882103220607]], [[126.47218533171807, 37.65899163038895], [126.47218533171807, 37.658991630388954], [126.47212838565669, 37.65892328339862], [126.47218533171807, 37.65899163038895]], [[126.47199395170968, 37.658840427555965], [126.4719939517097, 37.658840427555965], [126.47202935136339, 37.65890644501996], [126.47199395170968, 37.658840427555965]], [[126.47252039646551, 37.65916431663748], [126.47238079544066, 37.65913600890069], [126.472569733938, 37.65922824305325], [126.47252039646551, 37.65916431663748]], [[126.47262443853631, 37.65942858549837], [126.47261603401726, 37.65929535826725], [126.4725924399752, 37.65925878937323], [126.47262443853631, 37.65942858549837]], [[126.47260330591024, 37.65943612191567], [126.47258753199593, 37.65944414742478], [126.47261620175605, 37.65943152293863], [126.47260330591024, 37.65943612191567]], [[126.47254899534255, 37.659463754226266], [126.47254899534255, 37.659463754226266], [126.47261972591278, 37.65963001061128], [126.47254899534255, 37.659463754226266]], [[126.47276106956888, 37.65980864810541], [126.47277015050271, 37.65981303176036], [126.47275446595627, 37.659804140510204], [126.47276106956888, 37.65980864810541]], [[126.47285765326527, 37.65991191704348], [126.47287589726245, 37.65991199880332], [126.47285295597497, 37.659902075761934], [126.47285765326527, 37.65991191704348]], [[126.47297511285278, 37.65998157436835], [126.47298337927698, 37.65999911306379], [126.4729502542247, 37.65996238790341], [126.47297511285278, 37.65998157436835]], [[126.47311735370252, 37.66021812006165], [126.47313633011512, 37.66024309891813], [126.47309584443167, 37.66018871538466], [126.47311735370252, 37.66021812006165]], [[126.47290145342917, 37.660963880826806], [126.4729014534292, 37.66096388082682], [126.47283008304781, 37.66115646638696], [126.47290145342917, 37.660963880826806]], [[126.47289673798532, 37.661686441824216], [126.4728963722469, 37.66168362186432], [126.47289673798532, 37.66168644182423], [126.47289673798532, 37.661686441824216]], [[126.47294937300741, 37.66190972932218], [126.47295528221288, 37.66193479182303], [126.47290415883177, 37.66171792250805], [126.47294937300741, 37.66190972932218]], [[126.47302913567617, 37.662202404430964], [126.4729767453572, 37.6620288285969], [126.47305026705962, 37.66222376615123], [126.47302913567617, 37.662202404430964]], [[126.47316152919926, 37.662652046886365], [126.47316152919926, 37.66265204688635], [126.47316393169923, 37.662655267513216], [126.47316152919926, 37.662652046886365]], [[126.47325621354476, 37.66294557248288], [126.47325985870593, 37.66297530937297], [126.47325425743185, 37.66293728089622], [126.47325621354476, 37.66294557248288]], [[126.47330799146238, 37.66313494366628], [126.47324050083063, 37.66315412927897], [126.47330799146235, 37.66313494366626], [126.47330799146238, 37.66313494366628]], [[126.47316802481187, 37.66365923629337], [126.47323392856669, 37.663433840064776], [126.47316802481187, 37.66365923629337], [126.47316802481187, 37.66365923629337]], [[126.47296100476116, 37.66437398927554], [126.47286625989224, 37.664488211070854], [126.47286874559025, 37.664484736718435], [126.47292793883841, 37.66441155544053], [126.47296100476116, 37.66437398927554], [126.47309630173409, 37.66401596099299], [126.47296100476116, 37.66437398927554]], [[126.47278744980827, 37.66460929995027], [126.47274319759954, 37.66466764032116], [126.47279118899841, 37.6646028866165], [126.47278744980827, 37.66460929995027]], [[126.47246477996958, 37.66511554609072], [126.47245190250518, 37.66513666125064], [126.47248394541697, 37.665081693968304], [126.47246477996958, 37.66511554609072]], [[126.47228263108825, 37.665465735312324], [126.47229321246803, 37.6654401613211], [126.47228263108825, 37.665465735312324], [126.472249588079, 37.6655590169523], [126.47223527513567, 37.66559479322822], [126.47228263108825, 37.665465735312324]], [[126.47218042041764, 37.66570707721864], [126.47215915246524, 37.665753094387334], [126.47218862184884, 37.66569117971011], [126.47218042041764, 37.66570707721864]], [[126.47212878547829, 37.665812610630006], [126.47206665610392, 37.665972882376586], [126.47212855147575, 37.66581314910204], [126.47212878547829, 37.665812610630006]], [[126.47200962518929, 37.666307766678486], [126.47200962239481, 37.666305375709975], [126.47200962518929, 37.666307766678486], [126.47200962518929, 37.666307766678486]], [[126.47195085336799, 37.666929086321076], [126.47197149673845, 37.66671888149693], [126.4719485080678, 37.66712305419194], [126.47195085336799, 37.666929086321076]], [[126.47191553831787, 37.66738823873697], [126.47193326629815, 37.6672590742622], [126.47191656643996, 37.66741068297715], [126.47191553831787, 37.66738823873697]], [[126.47193860995182, 37.66776853969816], [126.4719293260172, 37.6676548054578], [126.47197920522996, 37.66793974701611], [126.47193860995182, 37.66776853969816]], [[126.4719979812773, 37.66798986651049], [126.4719979812773, 37.667989866510474], [126.47200313437966, 37.66800133556387], [126.4719979812773, 37.66798986651049]], [[126.47228313966323, 37.66850361399015], [126.47228175044545, 37.668500749972566], [126.47228313966323, 37.66850361399014], [126.47228313966323, 37.66850361399015]], [[126.47229647826661, 37.66854948108773], [126.47229616620328, 37.66854781961692], [126.47229616620328, 37.66854781961692], [126.47229647826661, 37.66854948108773]], [[126.47233904450536, 37.66872331233135], [126.47234045562561, 37.668728090892266], [126.47233863563474, 37.66872193211964], [126.47233904450536, 37.66872331233135]], [[126.47243183209007, 37.66930952376681], [126.47243246959775, 37.66950615453612], [126.47243964990017, 37.66941914473415], [126.47243183209007, 37.66930952376681]], [[126.47228026481542, 37.670220511724814], [126.47226610859006, 37.67010720906361], [126.47228886348049, 37.670247950000444], [126.47228026481542, 37.670220511724814]], [[126.47247803871053, 37.670570503926136], [126.47239853708865, 37.6704461722657], [126.47253733043823, 37.67061426039771], [126.47247803871053, 37.670570503926136]], [[126.47266336967257, 37.670650466567984], [126.47264885594488, 37.67064636065472], [126.4726648666916, 37.670650693892526], [126.47266336967257, 37.670650466567984]], [[126.47311330497719, 37.67110332717651], [126.4729301510388, 37.67088710194763], [126.47282299496523, 37.67074513276225], [126.4729301510388, 37.67088710194761], [126.47309602934092, 37.671081083635535], [126.47311330497719, 37.67110332717651]], [[126.47319909084506, 37.671184047807586], [126.473133056279, 37.67112616052434], [126.47320071626262, 37.67118529474974], [126.47319909084506, 37.671184047807586]], [[126.47332616393237, 37.671243206504144], [126.47336888030054, 37.67125114320273], [126.47330174666166, 37.671238114386895], [126.47332616393237, 37.671243206504144]], [[126.47347545252174, 37.671294463972714], [126.47350380816137, 37.67133193588728], [126.47345578632347, 37.671279799975764], [126.47347545252174, 37.671294463972714]], [[126.47364977598507, 37.67149986183834], [126.47355302560733, 37.6713947745902], [126.47366054806857, 37.67151032799299], [126.47364977598507, 37.67149986183834]], [[126.47381717727549, 37.671597671576414], [126.47384613289303, 37.67159942835728], [126.47377867378422, 37.67158822820841], [126.47381717727549, 37.671597671576414]], [[126.47391451508682, 37.671604765126844], [126.47391451508682, 37.67160476512682], [126.47395057112122, 37.67160633190352], [126.47391451508682, 37.671604765126844]], [[126.47442110908206, 37.672074404329415], [126.4744099792428, 37.67206813493135], [126.47442110908206, 37.67207440432941], [126.47442110908206, 37.672074404329415]], [[126.47445085419704, 37.672123720787624], [126.47444820364137, 37.67212000222372], [126.47445085419704, 37.67212372078763], [126.47445085419704, 37.672123720787624]], [[126.47446533841126, 37.67213998481383], [126.47448374802546, 37.672169415104385], [126.47445104198616, 37.6721239316522], [126.47446533841126, 37.67213998481383]], [[126.47460995707773, 37.672468941630676], [126.47460995707773, 37.672468941630676], [126.47457176836227, 37.67241465922899], [126.47457044680371, 37.6724110576231], [126.47460995707773, 37.672468941630676]], [[126.47460783777272, 37.67256508286465], [126.47463065651118, 37.67255752208856], [126.47460783777272, 37.67256508286467], [126.47460783777272, 37.67256508286465]], [[126.47459993839702, 37.67257186241381], [126.47460876745407, 37.672566654692226], [126.47460876745407, 37.672566654692226], [126.47459993839702, 37.67257186241381]], [[126.47458793774697, 37.672578940862174], [126.47458793774697, 37.672578940862174], [126.47458972969575, 37.67258089911408], [126.47458793774697, 37.672578940862174]], [[126.47469201256108, 37.67270269344386], [126.47474690897226, 37.67279251409841], [126.47466066744683, 37.67266547676102], [126.47469201256108, 37.67270269344386]], [[126.47487745187512, 37.672992955704835], [126.47497094567359, 37.6731275156026], [126.47478563458036, 37.672855084201494], [126.47487745187512, 37.672992955704835]], [[126.4750438745831, 37.67311767106606], [126.4751458409144, 37.67308475799242], [126.47502279265197, 37.67313304229261], [126.4750438745831, 37.67311767106606]], [[126.47542567602697, 37.67303335976611], [126.47567527135308, 37.672974052761006], [126.47528254513288, 37.67304779327642], [126.47542567602697, 37.67303335976611]], [[126.47596067481216, 37.67290955602677], [126.47594806611318, 37.67291182751506], [126.47596067481216, 37.67290955602677], [126.47596067481216, 37.67290955602677]], [[126.47596138329419, 37.672909566742746], [126.47644026151126, 37.67291680043294], [126.47610760523085, 37.67291177829685], [126.47596138329419, 37.672909566742746]], [[126.47858290422616, 37.67343210163411], [126.47858290422616, 37.67343210163411], [126.47868850742022, 37.67332871204902], [126.47858290422616, 37.67343210163411]], [[126.47966136286452, 37.67309355043946], [126.48078719524105, 37.67299348089262], [126.48035829994764, 37.67304908603233], [126.47966136286452, 37.67309355043946]], [[126.4836744639758, 37.67350782132309], [126.48293118654789, 37.67348419395452], [126.48260125921058, 37.673176370602796], [126.48243107796445, 37.67301497114119], [126.48235891689126, 37.67302024852237], [126.48123354359225, 37.67297714304818], [126.48243107796445, 37.673014971141185], [126.4836744639758, 37.67350782132309]], [[126.48415460727351, 37.673505783932], [126.48415460727351, 37.673505783932], [126.48419312558498, 37.67341713425943], [126.48415460727351, 37.673505783932]], [[126.48422417134631, 37.67335788200492], [126.48421457553536, 37.67336776722296], [126.48421457553536, 37.67336776722295], [126.48422417134631, 37.67335788200492]], [[126.48490145501319, 37.6729262157497], [126.48490145501316, 37.6729262157497], [126.48480002317753, 37.672368405362995], [126.48490145501319, 37.6729262157497]], [[126.48460480397357, 37.67132049957037], [126.4847714654379, 37.67221391114319], [126.48460480397354, 37.67132049957037], [126.48460480397357, 37.67132049957037]], [[126.48501685509707, 37.67126639987869], [126.48462154473553, 37.67131790750823], [126.48516684093411, 37.67122296274466], [126.48501685509707, 37.67126639987869]], [[126.48564240019272, 37.67110665776911], [126.48565186481895, 37.67110353634837], [126.48558626276119, 37.67111807971552], [126.48564240019272, 37.67110665776911]], [[126.4862297465736, 37.67100404670725], [126.48648006633171, 37.67098987135364], [126.48601955808735, 37.671016001666736], [126.4862297465736, 37.67100404670725]], [[126.48678344116504, 37.67096838058198], [126.48681350804401, 37.670966928255666], [126.4864927586419, 37.67098899510187], [126.48678344116504, 37.67096838058198]], [[126.48729532051438, 37.67087539949849], [126.48735723187949, 37.67086416248244], [126.48715520391467, 37.67090048382837], [126.48729532051438, 37.67087539949849]], [[126.4875844500044, 37.67083018795209], [126.48762988285229, 37.670827026890464], [126.48753321599253, 37.67083744108219], [126.4875844500044, 37.67083018795209]], [[126.48802158608952, 37.67077024068304], [126.48810524211991, 37.67075743767014], [126.48794177291452, 37.67078157833092], [126.48802158608952, 37.67077024068304]], [[126.48844350064662, 37.67069360457898], [126.48857583985374, 37.670684249777366], [126.4884775427442, 37.670691336302696], [126.48844350064662, 37.67069360457898]], [[126.4890043808483, 37.67068060771735], [126.48959763163404, 37.67097630330127], [126.48959763163404, 37.67097630330127], [126.4890043808483, 37.67068060771735]], [[126.48968311942495, 37.67076147924469], [126.48959931022974, 37.67097138465078], [126.48975980728993, 37.67063329915311], [126.48968311942495, 37.67076147924469]], [[126.48979457097842, 37.670575193149276], [126.489733681495, 37.67055209856444], [126.48979457097842, 37.67057519314927], [126.48979457097842, 37.670575193149276]], [[126.48980055811373, 37.670536865120106], [126.4898005581137, 37.67053686512011], [126.4897869410422, 37.670512437625554], [126.48980055811373, 37.670536865120106]], [[126.48985817280175, 37.67047834883122], [126.48977680999558, 37.67049426365618], [126.48977680999558, 37.67049426365616], [126.48985817280175, 37.67047834883122]], [[126.49002748528594, 37.67044308607472], [126.49004804191647, 37.67043125872828], [126.48995890295467, 37.670457429937144], [126.49002748528594, 37.67044308607472]], [[126.49040289288952, 37.670222283585744], [126.4904867567391, 37.670171534035326], [126.49032859435083, 37.67026659979155], [126.49040289288952, 37.670222283585744]], [[126.49082492345599, 37.66979378446554], [126.49082492345599, 37.66979378446554], [126.49084125412719, 37.669759559638656], [126.49082492345599, 37.66979378446554]], [[126.49106673287747, 37.669224512312745], [126.49092296341536, 37.66958070325938], [126.49118170406915, 37.668983154432674], [126.49106673287747, 37.669224512312745]], [[126.49143138201192, 37.66866743391786], [126.49128288638332, 37.66884106046549], [126.49119708292965, 37.66896005174721], [126.49143138201192, 37.66866743391786]], [[126.49178119930097, 37.66838208378728], [126.49177945782958, 37.66838341064386], [126.49178119930097, 37.66838208378728], [126.49178119930097, 37.66838208378728]], [[126.49222591901857, 37.66776704288257], [126.49215744918673, 37.667902406449905], [126.49226957294977, 37.66770719222871], [126.49222591901857, 37.66776704288257]], [[126.49246884378218, 37.66725322090118], [126.49236210225763, 37.66755657802265], [126.49239288839428, 37.667444281657495], [126.49246884378218, 37.66725322090118]], [[126.49257518655381, 37.666969503617906], [126.49277282790395, 37.666603060447265], [126.49247879120126, 37.66722738964153], [126.49257518655381, 37.666969503617906]], [[126.49280090062113, 37.66632731518797], [126.49280474354077, 37.66618732663668], [126.49280329756566, 37.666383069251445], [126.49280090062113, 37.66632731518797]], [[126.49286879742789, 37.665524146295695], [126.49289024909129, 37.66533928887732], [126.49284992476896, 37.66561907412242], [126.49286879742789, 37.665524146295695]], [[126.49294786629413, 37.66500323368362], [126.49287423830114, 37.66519352494003], [126.49287423830114, 37.66519352494001], [126.49294786629413, 37.66500323368362]], [[126.49325750144726, 37.664372147539375], [126.49301359949646, 37.66481015289063], [126.49307188769627, 37.66462860758275], [126.49325750144726, 37.664372147539375]], [[126.49346356485671, 37.66404545225703], [126.49354665180351, 37.66396578820359], [126.49341509234739, 37.66411469370192], [126.49346356485671, 37.66404545225703]], [[126.49355352936742, 37.66395919396103], [126.4935535293674, 37.66395919396105], [126.4935655034374, 37.663930563816905], [126.49355352936742, 37.66395919396103]], [[126.49385691198802, 37.66348078152226], [126.49384082391296, 37.663372038393334], [126.49381172920607, 37.66358362003135], [126.49385691198802, 37.66348078152226]], [[126.49340543540987, 37.66181243695195], [126.49375431596529, 37.66285257492383], [126.49379180436578, 37.66299106136827], [126.49382446521956, 37.66324431890402], [126.49383673328289, 37.663340671623615], [126.49340543540987, 37.66181243695195]], [[126.49333241902445, 37.66159225471783], [126.49331934960516, 37.66125469114662], [126.49338408667349, 37.66174108375158], [126.49333241902445, 37.66159225471783]], [[126.49336473428089, 37.66081514965102], [126.49339507386046, 37.66067754804283], [126.49335757850332, 37.66085285331149], [126.49336473428089, 37.66081514965102]], [[126.49347745723273, 37.66028404788906], [126.49347994487589, 37.660274683733874], [126.49339726373245, 37.6606674593133], [126.49347745723273, 37.66028404788906]], [[126.49352251908572, 37.65970830010752], [126.49352635192076, 37.65986973206823], [126.49351903973682, 37.65966992096392], [126.49352251908572, 37.65970830010752]], [[126.49337399519011, 37.659255204794434], [126.49337399519011, 37.65925520479443], [126.49331164677672, 37.659086545835706], [126.49337399519011, 37.659255204794434]], [[126.49334712124035, 37.659069526263785], [126.49334399715868, 37.659071025104176], [126.49334712124035, 37.659069526263785], [126.49334712124035, 37.659069526263785]], [[126.49328266630337, 37.65848173823761], [126.49329428967046, 37.6583197347093], [126.49330710050496, 37.658646457763474], [126.49328266630337, 37.65848173823761]], [[126.49335329357886, 37.65782803184659], [126.493333804722, 37.657642461571896], [126.49334125890574, 37.657913331513306], [126.49335329357886, 37.65782803184659]], [[126.49338306915074, 37.65667494246276], [126.49333383353459, 37.65668080959639], [126.49338306915074, 37.65667494246276], [126.49338306915074, 37.65667494246276]], [[126.4932328033677, 37.656584757164076], [126.49335157063078, 37.65665603797045], [126.4932328033677, 37.65658475716409], [126.4932328033677, 37.656584757164076]], [[126.49302336667019, 37.65618116806011], [126.49299387484729, 37.655753929252825], [126.49300300897457, 37.65584619141732], [126.49301685511115, 37.655986071945875], [126.49302336667019, 37.65618116806011], [126.49321664024215, 37.656189551086975], [126.49302336667019, 37.65618116806011]], [[126.49294419031055, 37.655251913215224], [126.49296920976478, 37.65550472181088], [126.49294419031055, 37.655251913215224], [126.49294419031055, 37.655251913215224]], [[126.49299821266548, 37.65514202106436], [126.49297777599126, 37.65524904877556], [126.49296997240246, 37.65524971432522], [126.49297777599124, 37.65524904877556], [126.49297787716748, 37.65521759650064], [126.49299821266548, 37.65514202106436]], [[126.49300948168461, 37.65505307935064], [126.49299344755669, 37.65503316386973], [126.49299344755669, 37.65503316386972], [126.49300948168461, 37.65505307935064]], [[126.49350502317705, 37.65507401040221], [126.49303260867397, 37.65508180462688], [126.4936947595904, 37.65508420633353], [126.49350502317705, 37.65507401040221]], [[126.49475667913987, 37.65518086553424], [126.49392439013336, 37.655103733527234], [126.4945339343181, 37.65515049596808], [126.49475667913987, 37.65518086553424]], [[126.49510385041536, 37.65520964163358], [126.49512467763817, 37.65520733079898], [126.49486765141198, 37.655193107862615], [126.49510385041536, 37.65520964163358]], [[126.4951909019009, 37.655206726768114], [126.49522439004711, 37.65520705359938], [126.49518495078787, 37.65520606341529], [126.4951909019009, 37.655206726768114]], [[126.4958233223691, 37.65523084295882], [126.49583100725222, 37.65520960752592], [126.49583100725222, 37.65520960752592], [126.4958233223691, 37.65523084295882]], [[126.4958144695527, 37.655255305694745], [126.4958144695527, 37.655255305694716], [126.4958688691411, 37.655245361889826], [126.4958144695527, 37.655255305694745]], [[126.49711178689324, 37.65536080396263], [126.49668877302344, 37.65528062651491], [126.49714559424011, 37.65535878629815], [126.49711178689324, 37.65536080396263]], [[126.49756135130653, 37.6551643686968], [126.49767248085529, 37.655095452560566], [126.49750125881965, 37.65522681244143], [126.49756135130653, 37.6551643686968]], [[126.49797598639209, 37.65489593058763], [126.49799931907827, 37.654931221906146], [126.49797598639209, 37.65489593058763], [126.49797598639209, 37.65489593058763]], [[126.49817102859916, 37.65484502948377], [126.49800572252693, 37.654927980414406], [126.49818200184117, 37.6548382467317], [126.49817102859916, 37.65484502948377]], [[126.49873040747578, 37.654582999403], [126.49878929218366, 37.65456142607843], [126.49872129413487, 37.65458705311448], [126.49873040747578, 37.654582999403]], [[126.49991605807145, 37.65415496132132], [126.50000418910915, 37.65413178941766], [126.49981920467744, 37.654186068461456], [126.49991605807145, 37.65415496132132]], [[126.50094999511285, 37.65385350839172], [126.50079581775438, 37.65390122963], [126.50079581775438, 37.653901229629994], [126.50094999511285, 37.65385350839172]], [[126.50103446105214, 37.653821641869165], [126.50101138827667, 37.65383281022276], [126.50103446105214, 37.65382164186915], [126.50103446105214, 37.653821641869165]], [[126.50103968706841, 37.65374296910531], [126.50099485363432, 37.65375946032953], [126.50099485363432, 37.653759460329525], [126.50103968706841, 37.65374296910531]], [[126.5010817850542, 37.653715051108684], [126.50108205922038, 37.65371490986109], [126.50106549306469, 37.65372601703015], [126.5010817850542, 37.653715051108684]], [[126.50133764067388, 37.65357465745687], [126.50136332359183, 37.653558944812694], [126.50122198667324, 37.65363723535515], [126.50133764067388, 37.65357465745687]], [[126.50215149289028, 37.65321582854856], [126.50208700613601, 37.653249403048875], [126.50188220169784, 37.653334585098946], [126.50215149289028, 37.65321582854856]], [[126.5025318848379, 37.653017773150374], [126.50239793062076, 37.653087517707256], [126.5025318848379, 37.653017773150374], [126.5025318848379, 37.653017773150374]], [[126.50256461535177, 37.6530781592051], [126.50252601673203, 37.65309709643444], [126.50252601673202, 37.65309709643445], [126.50256461535177, 37.6530781592051]], [[126.50256637283464, 37.653081392097725], [126.50252856391481, 37.65309610521406], [126.50256637283464, 37.65308139209771], [126.50256637283464, 37.653081392097725]], [[126.50333046786307, 37.652171347679044], [126.50333046786307, 37.652171347679044], [126.50334340733912, 37.65210710034159], [126.50333046786307, 37.652171347679044]], [[126.50355180948543, 37.651976529182285], [126.50351482973656, 37.65195679508127], [126.50355180948543, 37.651976529182285], [126.50355180948543, 37.651976529182285]], [[126.50367309259838, 37.65173220339822], [126.50366135557059, 37.65169447483197], [126.50354573991031, 37.651912930411335], [126.50367309259838, 37.65173220339822]], [[126.5036985008376, 37.65124461739178], [126.5036985008376, 37.65124461739178], [126.50370761435337, 37.65103198266716], [126.5036985008376, 37.65124461739178]], [[126.5038639020504, 37.65084658341278], [126.50392637915827, 37.650337438726176], [126.50379054441052, 37.650933605451335], [126.5038639020504, 37.65084658341278]], [[126.50475127116633, 37.65011453974974], [126.50473778228951, 37.6501176068782], [126.50475127116633, 37.65011453974974], [126.50475127116633, 37.65011453974974]], [[126.5051023787207, 37.64967336361713], [126.5051023787207, 37.64967336361712], [126.50536776533679, 37.64960183946313], [126.5051023787207, 37.64967336361713]], [[126.50581658504137, 37.64954400563032], [126.50607988439143, 37.64955333123609], [126.5057055760865, 37.649540405830784], [126.50581658504137, 37.64954400563032]], [[126.50628760942516, 37.64930494810357], [126.50628957171722, 37.64929977034114], [126.5062825548697, 37.64931829467559], [126.50628760942516, 37.64930494810357]], [[126.50634618309054, 37.64915042293639], [126.50658692801564, 37.648363945742986], [126.50653860200872, 37.64865225971322], [126.50634618309054, 37.64915042293639]], [[126.50662350532338, 37.64772009681161], [126.50662726275019, 37.647770302428796], [126.50662350532338, 37.64772009681161], [126.50662350532338, 37.64772009681161]], [[126.50679537283565, 37.647988747288615], [126.50679537283565, 37.64798874728863], [126.50678741062733, 37.64809582989564], [126.50679537283565, 37.647988747288615]], [[126.50687706201724, 37.64834542235331], [126.50678797768319, 37.648113062032074], [126.50688995970019, 37.6483599114638], [126.50687706201724, 37.64834542235331]], [[126.50704919131736, 37.64863988624579], [126.50712596711882, 37.648625240255676], [126.50701593732391, 37.648573003895315], [126.50704919131736, 37.64863988624579]], [[126.50745865044574, 37.64857597523193], [126.50753175929792, 37.648554849935934], [126.50739762508302, 37.64858811738495], [126.50745865044574, 37.64857597523193]], [[126.50787445276258, 37.64849861086631], [126.50780139663283, 37.64781224579828], [126.50783944682088, 37.64850283194954], [126.50787445276258, 37.64849861086631]], [[126.5077241804545, 37.64708395331905], [126.50756049009804, 37.64565384305278], [126.50767596856136, 37.64663067852382], [126.5077241804545, 37.64708395331905]], [[126.50753151033624, 37.64540196137936], [126.507363466769, 37.643893095105476], [126.50736052746949, 37.64380438830088], [126.50753151033624, 37.64540196137936]], [[126.51078214329534, 37.643412781711795], [126.50889730673639, 37.6435186883335], [126.50878064542488, 37.64351909312757], [126.50785514210503, 37.64361357709091], [126.51078214329534, 37.643412781711795]], [[126.51122537695501, 37.64338998825694], [126.51124348355866, 37.64324508871962], [126.5112309038352, 37.643347251277895], [126.51122537695501, 37.64338998825694]], [[126.51295566307596, 37.642926365100784], [126.51297925203444, 37.64293370460668], [126.51291017126188, 37.64292439727951], [126.51295566307596, 37.642926365100784]], [[126.51690005910005, 37.6434054507203], [126.51550767771876, 37.64330693299401], [126.51485904764412, 37.6433262656338], [126.51550767771876, 37.64330693299401], [126.51690005910005, 37.6434054507203]], [[126.51744079318937, 37.64393487265908], [126.51699649078421, 37.64348155750264], [126.51758533865517, 37.64406910625784], [126.51744079318937, 37.64393487265908]], [[126.51814426567273, 37.644404629629996], [126.51828941824098, 37.64443401721589], [126.51758533865517, 37.64406910625784], [126.51814426567273, 37.644404629629996]], [[126.51946357382454, 37.64468970607219], [126.51953411425983, 37.644704873645395], [126.51933292728725, 37.64466145057458], [126.51946357382454, 37.64468970607219]], [[126.52031941164456, 37.6451219976043], [126.52047789639147, 37.64531197328112], [126.51986896175057, 37.644861889537424], [126.52031941164456, 37.6451219976043]], [[126.52076832628538, 37.64566312020489], [126.52120422004863, 37.646245782973764], [126.52067767745511, 37.64555312854088], [126.52076832628538, 37.64566312020489]], [[126.46825958415432, 37.64079672600035], [126.46758514264451, 37.63983857868361], [126.46844093943265, 37.640721287695506], [126.46825958415432, 37.64079672600035]]], [[[126.28933600360276, 37.741346865525465], [126.28877946117358, 37.741673508348235], [126.28892723278138, 37.74193398167392], [126.28933600360276, 37.741346865525465]]], [[[126.29023398261256, 37.744494499583475], [126.29069603407874, 37.7446586188168], [126.29085922315194, 37.744715272106156], [126.29068035874863, 37.74450155292053], [126.29023398261256, 37.744494499583475]]], [[[126.29349443358976, 37.7450838229777], [126.29376520104127, 37.74493617178328], [126.29292639589951, 37.74508114830656], [126.29349443358976, 37.7450838229777]]], [[[126.27988272033146, 37.74595056175196], [126.28326889277852, 37.74933463402523], [126.2869101949503, 37.748533251504426], [126.28413450022076, 37.7471911307807], [126.28243501034241, 37.747370089968456], [126.28072367190596, 37.7457352466468], [126.27988272033146, 37.74595056175196]]], [[[126.30324610577348, 37.758730034265845], [126.30291369156302, 37.75817127323188], [126.30268233870126, 37.75803543606685], [126.30252323515658, 37.758214689944445], [126.30324610577348, 37.758730034265845]]], [[[126.20448245767177, 37.76977414138251], [126.20409510241363, 37.772685297139596], [126.20760356331377, 37.774041108608486], [126.21066035669654, 37.774128269571406], [126.21634629391464, 37.7781592894602], [126.21605395946875, 37.77959188083525], [126.21752426918822, 37.78073147109251], [126.21785301495002, 37.783172846457866], [126.2212033251287, 37.78543400069685], [126.22074320880698, 37.786701746336696], [126.22085053661893, 37.787586200996415], [126.222195801212, 37.78691308201247], [126.22293735826267, 37.79158520534901], [126.21990779592646, 37.792193835230506], [126.21875532378446, 37.795536895077944], [126.22398040428583, 37.80025254689121], [126.2223990468425, 37.80540176754829], [126.22317206585011, 37.80499783686938], [126.2337115358195, 37.81087432762447], [126.23505813172274, 37.813476037244406], [126.24051884750477, 37.817300338660615], [126.2467286232648, 37.814552021512554], [126.25691159824082, 37.814585584928395], [126.26451669398851, 37.817785968409474], [126.26637952530109, 37.81528381247945], [126.27154314109994, 37.813316675277626], [126.27308306351867, 37.81376947537679], [126.28316101952908, 37.80799930055507], [126.29387427895097, 37.80392068200301], [126.29452109075376, 37.8015840811267], [126.30115821768892, 37.80371673152173], [126.30611525998613, 37.80211451139992], [126.3148046945122, 37.802279765775396], [126.32167667814038, 37.804412676179155], [126.3242896182997, 37.80819625840757], [126.32570735701952, 37.806585941467816], [126.32799943224278, 37.805956484465405], [126.32951666490162, 37.80200379537063], [126.33511345684985, 37.79761019264256], [126.33008590954178, 37.79383928869677], [126.33102847742786, 37.789142443749135], [126.32623974862504, 37.787011891007126], [126.32329917086112, 37.78693506213806], [126.3252494951801, 37.78647075674], [126.3185173231466, 37.77925695580641], [126.31652970846746, 37.7737551993623], [126.30494717465866, 37.77061606183745], [126.29951852588887, 37.76698910612308], [126.29234069322919, 37.76467599519685], [126.29083705668698, 37.76286928174268], [126.2836909442567, 37.767553293758105], [126.27986821579742, 37.76879626199828], [126.27601925153573, 37.76848531982111], [126.27293219453904, 37.77000977169178], [126.27222326512238, 37.769106979488555], [126.26713284029584, 37.767776618990005], [126.26201911298064, 37.768431011631414], [126.26290019781702, 37.76681310919622], [126.25998635670489, 37.76423597348828], [126.24826970360532, 37.76560047513592], [126.24760709129755, 37.764266020993375], [126.24376368837801, 37.762756102678736], [126.24187703750192, 37.763590217015704], [126.24043210806033, 37.76177716237339], [126.24123658673761, 37.76022549740881], [126.24029677303413, 37.75780993364461], [126.2327530907842, 37.751082948057935], [126.22199780647044, 37.75636651091237], [126.2209896617772, 37.75844434747436], [126.20756051224865, 37.768335755834016], [126.2046706152002, 37.76802750049441], [126.20472388331714, 37.7687906375047], [126.203195110095, 37.76933415877121], [126.20448245767177, 37.76977414138251]]], [[[126.50407212744948, 37.591748469687445], [126.50573468704357, 37.59173967038363], [126.50740851028239, 37.59312528994783], [126.50930241086078, 37.59259612210761], [126.51410884324632, 37.59414289684301], [126.51462527583753, 37.59647833874645], [126.51696165013645, 37.59873538214833], [126.52305648153752, 37.599237366691284], [126.52395036424075, 37.59808818886327], [126.51971343966181, 37.595750336133946], [126.51830244389244, 37.59441177273297], [126.51850500587976, 37.593093654115314], [126.52096012500903, 37.59073573815344], [126.52563550110739, 37.590635102208125], [126.52701669704471, 37.58943801163295], [126.52673300540336, 37.58741312330129], [126.52594471434342, 37.58662625302546], [126.52284161977694, 37.587731228452434], [126.51998932505212, 37.58666687200243], [126.51942357338936, 37.58256536802749], [126.51770542061729, 37.58106713052261], [126.51608660788297, 37.58101804885183], [126.5115251954284, 37.582935287286396], [126.51135815781576, 37.58457451653257], [126.50927621569426, 37.586861515339784], [126.50711301259571, 37.58748432077921], [126.50629724412038, 37.586808817783044], [126.5062073432547, 37.588868559215435], [126.50407212744948, 37.591748469687445]]], [[[126.52750137059458, 37.59115722969199], [126.52927890066758, 37.590927307485764], [126.52766381440951, 37.59038760989444], [126.52750137059458, 37.59115722969199]]], [[[126.40845651322054, 37.59421839764656], [126.40846946133107, 37.59412775287733], [126.40840561676579, 37.59416843530049], [126.40845651322054, 37.59421839764656]]], [[[126.521541096061, 37.61164655829372], [126.5220671335007, 37.61164204734989], [126.52179851728877, 37.61142783052614], [126.521541096061, 37.61164655829372]]], [[[126.54343207796377, 37.61720824440981], [126.54320246549638, 37.61697229799143], [126.54304436125156, 37.61733909171979], [126.54343207796377, 37.61720824440981]]], [[[126.50395844412006, 37.78613225876005], [126.50398302886299, 37.78570107067676], [126.50366000155257, 37.7858891842327], [126.50395844412006, 37.78613225876005]]]]}}, {"type": "Feature", "properties": {"code": "28720", "name": "옹진군"}, "geometry": {"type": "MultiPolygon", "coordinates": [[[[125.79159696424219, 36.922822969246106], [125.7934905490453, 36.92160924468022], [125.79151811651347, 36.91987987745265], [125.79076329340212, 36.92137056419456], [125.79159696424219, 36.922822969246106]]], [[[125.82378760105361, 36.95560002377598], [125.82382523403798, 36.95418047483509], [125.82246487431439, 36.95395517960545], [125.82241888884313, 36.954858932317585], [125.82378760105361, 36.95560002377598]]], [[[125.82486615832049, 36.956145566794035], [125.82423570114278, 36.955520527419445], [125.82420942162946, 36.956324038467834], [125.82486615832049, 36.956145566794035]]], [[[125.81842159049248, 36.95847859052227], [125.82099347068413, 36.95848132885553], [125.82118199514241, 36.95694198545407], [125.82064661683644, 36.9552048590797], [125.81831943493859, 36.953433932776136], [125.81747054175062, 36.95690296238979], [125.81842159049248, 36.95847859052227]]], [[[125.82534826476343, 36.95658168350385], [125.82474597896355, 36.956870280534694], [125.82540516804642, 36.95726847049452], [125.82534826476343, 36.95658168350385]]], [[[125.74629897688827, 36.97323877604527], [125.74755812952506, 36.97276242335934], [125.74675381629383, 36.97211954495596], [125.74550454934533, 36.972527011786326], [125.74629897688827, 36.97323877604527]]], [[[125.74368702349558, 36.9731400233076], [125.74372724093291, 36.97250653774744], [125.74298902516686, 36.97289896498435], [125.74368702349558, 36.9731400233076]]], [[[125.96244628025282, 37.058090672343084], [125.9630051403826, 37.05710916852756], [125.96201923573362, 37.05643094549898], [125.96168667818904, 37.05756637748758], [125.96244628025282, 37.058090672343084]]], [[[125.96615872804243, 37.058822715037444], [125.96737532250548, 37.05996882637947], [125.967820983862, 37.058970256691666], [125.96615872804243, 37.058822715037444]]], [[[125.96263604242719, 37.06032846252522], [125.96214083030259, 37.06010937430724], [125.96246221768685, 37.06058404757459], [125.96263604242719, 37.06032846252522]]], [[[125.96207279224025, 37.060487415867485], [125.9618250705783, 37.06038345618571], [125.96187416883309, 37.060578652041215], [125.96207279224025, 37.060487415867485]]], [[[125.94313267987326, 37.06516128377063], [125.94122330074568, 37.06556297313796], [125.94085544107668, 37.06642657608161], [125.94351464163361, 37.067879733460884], [125.94313267987326, 37.06516128377063]]], [[[125.9554888784008, 37.073542136309385], [125.95491646734183, 37.07340378053233], [125.95491811201386, 37.073919035697855], [125.9554888784008, 37.073542136309385]]], [[[125.95458216899101, 37.08242024719947], [125.95385458111103, 37.085024890477236], [125.95241633086526, 37.08525770457528], [125.95026345879333, 37.08429428127872], [125.95110591274702, 37.08265648214184], [125.94984043626252, 37.07958422899932], [125.95105312166629, 37.07631039230016], [125.94940493744237, 37.07581301598308], [125.95055555932956, 37.07373320667878], [125.94891212757742, 37.07422230460493], [125.94735149925181, 37.07359403767295], [125.94740860353117, 37.07192999725089], [125.94954744934296, 37.0694281955907], [125.94911723337131, 37.068436588184596], [125.95058940034373, 37.067027015502646], [125.94905414531544, 37.065637901752524], [125.94476488730709, 37.067572105746926], [125.94348123458103, 37.06983466267158], [125.94589048394091, 37.06995082612645], [125.94641197404916, 37.07080413890136], [125.94672521645568, 37.07323337712737], [125.94493891193521, 37.07452044548894], [125.94506566975309, 37.07564505818949], [125.94394341926292, 37.07631694966989], [125.94317032974983, 37.07408299956989], [125.94184215490834, 37.07428080849659], [125.93959620310977, 37.07905622409767], [125.94529351182757, 37.0802726589113], [125.94671296364787, 37.08312837180217], [125.94638361224752, 37.084910002720136], [125.94746139159288, 37.08559760427171], [125.94612302480098, 37.08754686125951], [125.94848164535317, 37.0881360108739], [125.94873864989636, 37.089883207288004], [125.95104323323469, 37.08929302254185], [125.9542747255488, 37.090405169406864], [125.95683899370431, 37.08683118321118], [125.95928734599006, 37.08778762414743], [125.96109027507178, 37.08593167414104], [125.96393709299659, 37.08494314594559], [125.96387360198702, 37.083528527238414], [125.96206214951046, 37.08180910301119], [125.96195284347958, 37.08015332818003], [125.96309014043145, 37.07936858973119], [125.95955039249185, 37.08082954682293], [125.9579531605773, 37.080508976133885], [125.95859217875591, 37.08084301945103], [125.95749543283988, 37.082716865279316], [125.95458216899101, 37.08242024719947]]], [[[125.9535432227281, 37.082838065214204], [125.95444958456262, 37.08258578365635], [125.95352499333806, 37.0828102518003], [125.9535432227281, 37.082838065214204]]], [[[125.90966395595652, 37.18554297877842], [125.90961414342623, 37.18639820145359], [125.90966852003167, 37.18689993001967], [125.90966395595652, 37.18554297877842]]], [[[125.70932127814697, 37.60529310551432], [125.7088984477671, 37.604044705163325], [125.70884121015712, 37.604054916292746], [125.7084411093018, 37.60606735726696], [125.70932127814697, 37.60529310551432]]], [[[125.71095643747645, 37.61308755717886], [125.71075450306874, 37.61116097846406], [125.71220398144554, 37.6125325330149], [125.7119477170917, 37.6127147820978], [125.71175323004265, 37.61343798891918], [125.71272285049757, 37.61256162529175], [125.71721744852691, 37.61560457611738], [125.72412955962545, 37.61390487891527], [125.72228926251829, 37.60902815429286], [125.72336335618506, 37.60688694527261], [125.72272702164479, 37.60452035027787], [125.72069009891153, 37.60403004916527], [125.71781762351229, 37.60656394764183], [125.71686374243525, 37.60607247390036], [125.71537045765135, 37.6071884886245], [125.71360279291947, 37.60673163090244], [125.71313539335759, 37.60528351976696], [125.71136149090745, 37.6059123534244], [125.710912377324, 37.60686251100253], [125.71219922533712, 37.607002797458016], [125.7123002938842, 37.607865544533794], [125.71049558756633, 37.60953207096849], [125.71095643747645, 37.61308755717886]]], [[[125.68886580654272, 37.633396789386026], [125.6901235675555, 37.63233044212808], [125.68935089597858, 37.632302904504726], [125.68886580654272, 37.633396789386026]]], [[[125.6873183218567, 37.634518887716915], [125.68769026339763, 37.63561932005926], [125.68795342355044, 37.63432808347812], [125.6873183218567, 37.634518887716915]]], [[[125.68788376169867, 37.63880643985953], [125.68784211607844, 37.63726876954118], [125.68681003929439, 37.63663454081161], [125.68527506627478, 37.63889050826975], [125.68788376169867, 37.63880643985953]]], [[[125.71912073099307, 37.64514074293497], [125.72241771450477, 37.64506928439117], [125.7213907931627, 37.64427156194876], [125.71912073099307, 37.64514074293497]]], [[[125.71677443601922, 37.6498375978157], [125.71649402835133, 37.6496221521779], [125.71579253409494, 37.6501022196605], [125.71677443601922, 37.6498375978157]]], [[[125.7150759821957, 37.65123193205278], [125.71482779488827, 37.651512554411845], [125.71508657902703, 37.6515549452543], [125.7150759821957, 37.65123193205278]]], [[[125.7104816856561, 37.65532982567091], [125.7162428698873, 37.65549847488462], [125.7168499070188, 37.656269929933764], [125.71510441662367, 37.65251504864914], [125.7104816856561, 37.65532982567091]]], [[[125.71629600898407, 37.66139892753756], [125.71619673445853, 37.658080556642844], [125.71752867350457, 37.65752054024248], [125.71611946624375, 37.65783839523735], [125.71612353451125, 37.65872696798273], [125.7133338539936, 37.65909661202475], [125.71391471640194, 37.66192256771683], [125.71629600898407, 37.66139892753756]]], [[[125.68232434269306, 37.67756716391672], [125.68129886740707, 37.67977941279651], [125.68612097595691, 37.680768525142824], [125.68640075367014, 37.67941085693676], [125.68966283390223, 37.67749584526375], [125.69546012111759, 37.67643075624514], [125.69816552935544, 37.677109884274536], [125.69869419984015, 37.67855280603184], [125.70241958165289, 37.67781503867274], [125.70342121291107, 37.6791831660326], [125.70671626551463, 37.67973791068054], [125.70727836338123, 37.680583415700916], [125.70988593576371, 37.68091075661307], [125.71141393565871, 37.67885473563486], [125.71318863675056, 37.67854659232122], [125.7173844551496, 37.68084875545891], [125.71843665828283, 37.67959547987915], [125.71827179428415, 37.67598629381545], [125.71954968996728, 37.674265707736325], [125.71369013760986, 37.669987175961595], [125.7122268717871, 37.66733570840897], [125.71273843070614, 37.66604461335139], [125.70914397707354, 37.66410239653375], [125.70975948765451, 37.66314476437367], [125.7055519520017, 37.659704888944184], [125.70408155367338, 37.6597549137859], [125.70368615431823, 37.65886923485099], [125.70521663079526, 37.657573756464984], [125.703653351742, 37.65873035825782], [125.69945538615191, 37.65667514124287], [125.69838960959562, 37.654655322350564], [125.69597042121677, 37.654223582458684], [125.69485429575181, 37.65307002580562], [125.69551168441014, 37.65205214618406], [125.68981581001812, 37.65224481254313], [125.68653154638965, 37.653503389758875], [125.68783631163414, 37.6547719016962], [125.68753987206517, 37.656144376216375], [125.68452913928674, 37.662195285101255], [125.68877130854037, 37.6643918672036], [125.68764098332123, 37.670936965390084], [125.68556624768603, 37.671606525877046], [125.68344333036299, 37.674600401403545], [125.68203812446474, 37.67513129694212], [125.68094272588846, 37.67416365642237], [125.68074607768276, 37.67625412468363], [125.68232434269306, 37.67756716391672]]], [[[125.71931981478282, 37.66856486221132], [125.72089521515207, 37.668674466949184], [125.72006018401349, 37.668003458696745], [125.71931981478282, 37.66856486221132]]], [[[124.73078556294324, 37.75064243470134], [124.73081940738514, 37.750968503078646], [124.7310270313642, 37.75073232054039], [124.73078556294324, 37.75064243470134]]], [[[124.76605071925817, 37.765374971263505], [124.76647292451351, 37.76624946535605], [124.76688627642076, 37.76601803222855], [124.76605071925817, 37.765374971263505]]], [[[124.7724248597934, 37.7682872517118], [124.77308033605159, 37.76821153918507], [124.7723977633309, 37.768160250720484], [124.7724248597934, 37.7682872517118]]], [[[124.73419929718354, 37.7637486105913], [124.73760785326981, 37.76666129073336], [124.73794265016708, 37.76998041375413], [124.73651971029723, 37.77128875353637], [124.73803575936961, 37.77187207388131], [124.74062096477705, 37.77139884896147], [124.74301863377849, 37.772636326376194], [124.74369905374058, 37.77197971324641], [124.74503828063833, 37.772924370549894], [124.745431311623, 37.775993848480454], [124.74419045752951, 37.777064277856375], [124.74268130201503, 37.776830273490276], [124.74371824882476, 37.77812017320415], [124.74848748872492, 37.77498913035257], [124.75005004865461, 37.775049050205794], [124.75074478917571, 37.77584034141743], [124.75002797337255, 37.776688913434114], [124.7513573042748, 37.77628382476079], [124.7510824676809, 37.775448450512236], [124.75472047590206, 37.777532725588095], [124.756647640506, 37.77677306423888], [124.76335855148177, 37.77751302195748], [124.76947958786106, 37.77955216894978], [124.77358913959634, 37.77871111372891], [124.77389842138125, 37.776488325035274], [124.77082164371396, 37.77508589133693], [124.77088735979984, 37.77089653522097], [124.76895519819524, 37.76920949469535], [124.77153140385099, 37.76792292606616], [124.76834876132982, 37.766444418384104], [124.76728690138334, 37.767433143153525], [124.7679297641928, 37.768053319138964], [124.7648690938417, 37.767672167966985], [124.76479187486926, 37.769639013193604], [124.75909030413708, 37.76864204954589], [124.75813857497286, 37.77088217125715], [124.75588382577673, 37.77124820661434], [124.75488841744013, 37.77093098522826], [124.75552213533757, 37.77006735732945], [124.75530491188826, 37.76965698047207], [124.75445509423878, 37.770506567347255], [124.75253118725183, 37.769295851783404], [124.75048270472817, 37.76979019200123], [124.74756538515344, 37.767860356532985], [124.74636768874282, 37.768352219836245], [124.74553028410097, 37.76731322182509], [124.74376371762334, 37.767166128843634], [124.7405336390115, 37.762155132167564], [124.7393692665735, 37.7627662966932], [124.73864518026637, 37.76183851148607], [124.73491603947275, 37.76123151905893], [124.73274932964586, 37.75884108838447], [124.73053547665047, 37.7602702499566], [124.73050728095711, 37.76209121729625], [124.73419929718354, 37.7637486105913]]], [[[124.77978196878642, 37.78122387274846], [124.7800582787261, 37.78132859423174], [124.7800890154613, 37.781293259682236], [124.77978196878642, 37.78122387274846]]], [[[124.66149644164874, 37.79824620146492], [124.66283042139204, 37.79740705949394], [124.66044963315882, 37.79727341397537], [124.65937597579716, 37.798075749129964], [124.66149644164874, 37.79824620146492]]], [[[124.66369091717868, 37.798441243673594], [124.66146515126468, 37.798267216003666], [124.66025809632706, 37.798934649005076], [124.66098548545801, 37.79909307805925], [124.66369091717868, 37.798441243673594]]], [[[124.66147221481982, 37.80295169446506], [124.66028644650476, 37.803519213373946], [124.66205279928766, 37.80286339033291], [124.66147221481982, 37.80295169446506]]], [[[124.67129320585494, 37.82195719424742], [124.67446275993788, 37.8199715692186], [124.67745732202665, 37.81934670715095], [124.6819957375227, 37.821394828298494], [124.6843049314519, 37.826158853023585], [124.68299251096711, 37.82757677504358], [124.68589932177427, 37.828782108681295], [124.6865211591597, 37.831946947236844], [124.69037599134924, 37.833446283114796], [124.69098888594395, 37.836330803973894], [124.6956571758305, 37.839141835442106], [124.69877430237524, 37.83852951466386], [124.70005382706677, 37.84033465518821], [124.7025921408115, 37.83981384591667], [124.70665514658025, 37.84324980802639], [124.70618229930055, 37.84748879249106], [124.70504045101228, 37.8489717601643], [124.70635144641088, 37.849539942164725], [124.70899389186096, 37.84875717732986], [124.70991355242764, 37.8469489831764], [124.71074704600979, 37.846741988571964], [124.7112018352698, 37.84720724725403], [124.71179496083832, 37.84721515652257], [124.71006120146515, 37.846377331662204], [124.712886638694, 37.84369076684588], [124.71543748987736, 37.84501669336338], [124.719764075509, 37.84439025191525], [124.72237014443678, 37.84576049905806], [124.7259228739208, 37.84184531886001], [124.7287029418067, 37.84197331546817], [124.73074321960276, 37.84047417798945], [124.73106811207015, 37.83932873937689], [124.72065402355506, 37.83577376901519], [124.7165368808968, 37.83085451507943], [124.71653573122605, 37.82910983088301], [124.71941838802998, 37.82964831451123], [124.71728097404298, 37.82837162898593], [124.71912091391044, 37.825659563764354], [124.72017745138555, 37.827912436005974], [124.72155713175985, 37.829170992284794], [124.71891866127554, 37.82476296231152], [124.7205432040362, 37.82402975778621], [124.72111295700964, 37.82511369263368], [124.72069462486027, 37.82270563239166], [124.7229411128458, 37.820915145360324], [124.72098007311125, 37.81693935975553], [124.72212162968007, 37.81590795088309], [124.720904733509, 37.81376073779635], [124.71809151376898, 37.812579403672196], [124.71481224550925, 37.80925543316308], [124.70935694376591, 37.80741562340385], [124.70593377857892, 37.80475305352643], [124.70140684091425, 37.80800889853235], [124.70454258528203, 37.80860682533803], [124.70599137031367, 37.80945939979128], [124.70652348993015, 37.809991453029376], [124.70371730307451, 37.80849617840654], [124.69982096372405, 37.8095463537696], [124.69684707193076, 37.80642259911279], [124.69565924031868, 37.80784114909676], [124.69384874185316, 37.80823331041466], [124.68996502861232, 37.80440102272398], [124.68661704921533, 37.802747091237705], [124.69015341545102, 37.80028766336904], [124.68422225591438, 37.79926040937256], [124.68285886333514, 37.80255139227706], [124.68764899858131, 37.80657856364906], [124.68622574826642, 37.808246090274515], [124.68874982351784, 37.81074008683186], [124.68725633579308, 37.813888724811456], [124.68767509168578, 37.81426871895968], [124.68951094851947, 37.81360706767287], [124.6897345918443, 37.81365439851383], [124.68802712759043, 37.814963848662515], [124.68531545769724, 37.81428160300128], [124.68319627674393, 37.81699264130067], [124.68097797199438, 37.813558129856226], [124.67762526222157, 37.814031039217596], [124.67862912120538, 37.815845449961344], [124.67563775288735, 37.81759567692992], [124.67228416964443, 37.817925903916795], [124.66574532072393, 37.82172344623146], [124.66742186043106, 37.822786843307696], [124.67129320585494, 37.82195719424742]]], [[[124.7108975127757, 37.84797448810153], [124.71090786102337, 37.8479231116794], [124.70986297153952, 37.84755645611287], [124.7108975127757, 37.84797448810153]]], [[[124.71232301142471, 37.848077974590296], [124.71239045315242, 37.847585450669605], [124.71225259230432, 37.84807103830868], [124.71232301142471, 37.848077974590296]]], [[[124.61674222428404, 37.972532363563566], [124.61975844514122, 37.97945192675492], [124.62082505109903, 37.97802756397453], [124.62043884553078, 37.97545127271521], [124.62338331330255, 37.97519179176522], [124.62376988151094, 37.974474987154665], [124.62352861372183, 37.977837999355145], [124.62460277424847, 37.97773702277409], [124.62787284201393, 37.97578018175582], [124.63282136127795, 37.9744877874729], [124.63521376524157, 37.9718702223517], [124.6370714852669, 37.97199217509912], [124.64149853585077, 37.96835932353387], [124.64865503078691, 37.97013429429989], [124.64936720492533, 37.970805146569994], [124.65000718711738, 37.972001420318], [124.64995900193182, 37.97224482719287], [124.6501844159611, 37.9730194494388], [124.6503852623435, 37.973209108276016], [124.65075459312567, 37.97176510471183], [124.65483374821997, 37.97384224309187], [124.65414345278964, 37.974996812846115], [124.6584262365076, 37.97291060129662], [124.66231166146804, 37.973906209815716], [124.66326317027202, 37.97510195497496], [124.66264474496857, 37.975956707567136], [124.66674306134763, 37.97583770382574], [124.6709766263692, 37.97712131530964], [124.6729799611046, 37.978532947328254], [124.67377373278406, 37.98093267779873], [124.67847344800741, 37.98132217632663], [124.67767613992525, 37.98011456591185], [124.67760309074468, 37.97993283837377], [124.67776744991555, 37.97962368242962], [124.68158691368214, 37.979271645686026], [124.68583177650149, 37.98104682779298], [124.68702270193883, 37.98074018306345], [124.68640306172126, 37.97945561904192], [124.68768486658188, 37.980635156185976], [124.68577902980985, 37.98162018416203], [124.68637968333555, 37.98365954272449], [124.68758728472807, 37.98411510637082], [124.68889547448234, 37.98412550720468], [124.68788985013538, 37.98288433979459], [124.68902331493983, 37.98078642323773], [124.69385291951484, 37.9795179595434], [124.69792775514075, 37.98006717581275], [124.70031919239302, 37.983081272039826], [124.70134222365238, 37.98239817846414], [124.70127642679871, 37.983243808570975], [124.70148635267321, 37.98230749174856], [124.70274077796591, 37.98326445126751], [124.7077029064292, 37.98357916167584], [124.71233197790785, 37.98214099786321], [124.71589077167097, 37.98310096905531], [124.72127039109206, 37.98261690770627], [124.72242889735543, 37.98168158636539], [124.7249659069326, 37.98191523926411], [124.72654099929096, 37.97938567872308], [124.73266866628005, 37.97805655191338], [124.73253753644646, 37.97675464233377], [124.73379653980331, 37.97567535772565], [124.73356110746543, 37.97062817160089], [124.73420573538013, 37.970973098414284], [124.73561626087718, 37.96565757967023], [124.74028054547524, 37.96221732908698], [124.74337625794554, 37.96129560723374], [124.7469857778809, 37.96247365129898], [124.74917008112834, 37.95905239051208], [124.748269446409, 37.95738590584528], [124.74251771841553, 37.95678021340551], [124.74253226451522, 37.958027066567055], [124.74068837693056, 37.958040389242754], [124.74000463240922, 37.95878215576941], [124.74000697164774, 37.960257475264626], [124.73897172523878, 37.9602372909459], [124.73901294329141, 37.95888695177219], [124.7364972420109, 37.9567978632808], [124.73881147596866, 37.96019115148688], [124.74020882224123, 37.96085338716241], [124.7382041925673, 37.962172987455965], [124.73587137163953, 37.962226218841685], [124.7327431217778, 37.960766610821764], [124.73295834327041, 37.95726040773998], [124.73835883607151, 37.95637681466149], [124.7382424296825, 37.95448848296686], [124.74103511107515, 37.953675192501926], [124.73797047615012, 37.953884831882924], [124.73726329771948, 37.95620500251518], [124.73773856398394, 37.95139207572347], [124.73638542708095, 37.95198222750083], [124.73421326192992, 37.95096760756198], [124.73278962772237, 37.951789410822634], [124.73414632756972, 37.952205467875515], [124.73308838977255, 37.95440266091265], [124.72675130391735, 37.95392113772101], [124.71652643699814, 37.94629107801265], [124.71210454777737, 37.94441106115466], [124.71074020053439, 37.944730788381726], [124.70721744652587, 37.93841745539805], [124.70630769001275, 37.93831636751862], [124.70675222359031, 37.93761719421663], [124.7060486181404, 37.93816894754949], [124.70238161271267, 37.938160247817535], [124.70276483812202, 37.93732591370943], [124.70576730438583, 37.93788838500605], [124.70541723343435, 37.93524300365466], [124.70698134226504, 37.932777567531375], [124.7064781239141, 37.93091880908876], [124.7030873979253, 37.92827858054287], [124.700998805085, 37.92492597731557], [124.70164609136827, 37.92396420875011], [124.70085267268702, 37.92358383383568], [124.70221704775139, 37.923885844835375], [124.70162720251271, 37.923403714744076], [124.70100065932378, 37.92341702619464], [124.7006274808094, 37.923672395917905], [124.70128619062217, 37.921851227114], [124.702897467022, 37.91982208670088], [124.69922983624832, 37.91698868547975], [124.69636000282541, 37.91736416984133], [124.69309153707863, 37.91511956804789], [124.69178140239508, 37.91525006010969], [124.69142213851059, 37.91760108700164], [124.69010456599801, 37.91884574370505], [124.68811993790679, 37.91825809092941], [124.68769531987527, 37.91985226764623], [124.68446826088771, 37.92278810456453], [124.67995556864305, 37.92234812212468], [124.67738441526684, 37.923190487360884], [124.67598132297589, 37.92259090605915], [124.67525927864673, 37.92334967020787], [124.67596720489776, 37.92221396938083], [124.6768606233872, 37.92279574185608], [124.67644612816261, 37.92203948571913], [124.67733377362401, 37.9225403162178], [124.6776032630611, 37.9223865231794], [124.67628003017055, 37.92164832151664], [124.67793827324992, 37.921364628664065], [124.67596508877406, 37.92127923734781], [124.67488401537076, 37.920099918324546], [124.67215437907461, 37.92221745937091], [124.66736722260835, 37.92367675024737], [124.6617729574127, 37.92178755708073], [124.65869332513459, 37.92173920331732], [124.6581607078768, 37.92240175815477], [124.65980953765943, 37.922806945339694], [124.65938204006416, 37.924024801139694], [124.6564140290532, 37.92495482899882], [124.65678224988366, 37.92294261473643], [124.65501583851781, 37.92437831812367], [124.65278587059123, 37.923211977178454], [124.64936860268676, 37.922890105289234], [124.64589691099505, 37.92428733219462], [124.6460380481708, 37.923372389608325], [124.64035457055877, 37.92386323467892], [124.63571243241307, 37.93617909091739], [124.63157233002211, 37.94117706881035], [124.62880138818416, 37.95429186777006], [124.62598914824697, 37.95688799704602], [124.61466680671133, 37.9613325279559], [124.61533587511818, 37.96208988048885], [124.61436889731525, 37.9630304366398], [124.615078884936, 37.965301909774325], [124.61433715832204, 37.96666849881692], [124.61510365117543, 37.967302880770625], [124.61267834597592, 37.96987352353741], [124.61674222428404, 37.972532363563566]], [[124.74013966304628, 37.96043984476634], [124.74023828481204, 37.95860826347079], [124.74113653336623, 37.95822145403329], [124.74253470728993, 37.958211687310026], [124.74287999009414, 37.95844030182692], [124.74324659935124, 37.95832636220507], [124.74392821153016, 37.95712252867217], [124.74336641451389, 37.958339093798934], [124.74042261323676, 37.95917153708865], [124.74013966304628, 37.96043984476634]]], [[[126.017792366566, 37.027406381560226], [126.01929985258433, 37.029078429551284], [126.02012209324555, 37.03093919102702], [126.0195941336052, 37.029035002412165], [126.017792366566, 37.027406381560226]]], [[[126.00855035550751, 37.029000102368634], [126.0065217094506, 37.02978802927565], [126.00654851995557, 37.0298288366038], [126.00855035550751, 37.029000102368634]]], [[[125.98102108595126, 37.03732792126579], [125.98019638264967, 37.03954255718892], [125.98162050866432, 37.040544398928404], [125.98415357460965, 37.03977502378593], [125.9869851167236, 37.04054124907126], [125.98773250539698, 37.039802071155115], [125.98878731961925, 37.0401789606813], [125.99252855680948, 37.03666537864143], [125.99462120291254, 37.03693442574384], [125.9947672907214, 37.03475761182323], [125.99049930780822, 37.0305046498094], [125.99204611671905, 37.0279663758359], [125.99465564226718, 37.02657261888826], [125.9980196616726, 37.027051081073], [125.99920999227031, 37.02841345603876], [126.00253509511573, 37.029233232746684], [126.00392683292947, 37.02913125781473], [125.9994955540692, 37.02844326812245], [125.99726156967107, 37.02587947035165], [126.00062201238148, 37.02413783593368], [126.00580904066219, 37.02305274669757], [126.01034926393093, 37.02477846363853], [126.01019205376444, 37.026832111193386], [126.0144112564616, 37.02569802912383], [126.01664992214833, 37.02662589044393], [126.01653138952474, 37.02595712315204], [126.00655066199329, 37.022081336079324], [126.00358540628436, 37.02036231365517], [126.0035631500663, 37.019005349203994], [125.99459231068428, 37.01870044034632], [125.99277958452276, 37.01973870554567], [125.99241468337723, 37.022007071869105], [125.99446786228518, 37.02473775746817], [125.99100300234869, 37.025650422662316], [125.98914915795886, 37.02510149892582], [125.98978940078412, 37.02710526837364], [125.98485481223867, 37.02823905730874], [125.98537311122885, 37.029544153639954], [125.98290350946131, 37.03105444435381], [125.9832756867459, 37.03205086299474], [125.98063797426734, 37.032162362335946], [125.98086102451533, 37.03345000660383], [125.97896093098551, 37.03328503143308], [125.97895629647023, 37.03624839827382], [125.98102108595126, 37.03732792126579]]], [[[125.97975684162652, 37.03210541981917], [125.98046472988308, 37.03188455265784], [125.97994608995475, 37.031789003498325], [125.97975684162652, 37.03210541981917]]], [[[126.02336434885154, 37.03714276322521], [126.02517280616048, 37.03673171239415], [126.0231370689829, 37.035254630384784], [126.02336434885154, 37.03714276322521]]], [[[125.97863099059356, 37.036337868808516], [125.97802021818947, 37.0371834983286], [125.97879404113688, 37.03653124772198], [125.97863099059356, 37.036337868808516]]], [[[126.01344965597846, 37.05698318287012], [126.01368377461895, 37.056856780952415], [126.01340273691214, 37.0567694102878], [126.01344965597846, 37.05698318287012]]], [[[126.00994269492026, 37.05766029258307], [126.01098023431081, 37.05729109577453], [126.00941553106613, 37.05725755817102], [126.00994269492026, 37.05766029258307]]], [[[125.9684819313105, 37.05900119788841], [125.96856471554457, 37.0587097341576], [125.96833583362975, 37.05870025341999], [125.9684819313105, 37.05900119788841]]], [[[125.96797959068304, 37.058735948370554], [125.96828904983738, 37.05898157865282], [125.96820512550934, 37.05869379890103], [125.96797959068304, 37.058735948370554]]], [[[125.99710659300662, 37.06468130895723], [125.99833336734844, 37.06244157273323], [125.9973644626188, 37.06114290534048], [125.99971473884136, 37.058820590846594], [125.99772205326205, 37.057417127017885], [125.99395636055505, 37.057434426736314], [125.99286494113252, 37.059414891261014], [125.9939223603023, 37.059385016131976], [125.99471489710886, 37.06119497143413], [125.99266128858967, 37.062992255788615], [125.99328190559766, 37.064607784469004], [125.99455489143922, 37.06603047938012], [125.99710659300662, 37.06468130895723]]], [[[125.99246487794873, 37.06895032575333], [125.99506843902704, 37.06991729737852], [125.99471860518501, 37.06808272246055], [125.99305547815376, 37.066893836448756], [125.99246487794873, 37.06895032575333]]], [[[126.00460683954338, 37.07088843083901], [126.0054542764984, 37.06975483222776], [126.00409362461195, 37.069743839996896], [126.00460683954338, 37.07088843083901]]], [[[126.01238379625254, 37.06573742623492], [126.01376760843893, 37.06659903219167], [126.01369452381387, 37.07103811128923], [126.0157259513802, 37.07166772832972], [126.01543320141273, 37.07272027176552], [126.0165968099668, 37.07325493225205], [126.01493482329596, 37.07569603085731], [126.01577374217923, 37.077296021141215], [126.01893030149012, 37.07796213147946], [126.01964809078355, 37.07634925485387], [126.01821208734577, 37.07537508881018], [126.01890125949805, 37.07371775629453], [126.01772873073375, 37.07231540000702], [126.02334599589382, 37.068646539677545], [126.02045313282137, 37.06952680329967], [126.01726508845715, 37.06833501195578], [126.01255056754503, 37.063801272783685], [126.01232890668291, 37.06578404723246], [126.01238379174657, 37.06611271336998], [126.01256222555315, 37.066310427006556], [126.01238379625254, 37.06573742623492]]], [[[126.01247697488782, 37.079679244327245], [126.01415115013971, 37.07853298708532], [126.01518186271522, 37.07820354301844], [126.01312615916538, 37.07782495613645], [126.01247697488782, 37.079679244327245]]], [[[125.98910706312572, 37.08110121848198], [125.98950504842094, 37.07918450559872], [125.9869512268977, 37.079858466948174], [125.98910706312572, 37.08110121848198]]], [[[125.99560964776349, 37.079758923253884], [125.99293232814762, 37.079425801116564], [125.99098624742184, 37.08047081389405], [125.99268595583236, 37.081612329921434], [125.99560964776349, 37.079758923253884]]], [[[125.97200860803572, 37.08103457249361], [125.97258485991294, 37.080093147868574], [125.97148855946858, 37.07984560871656], [125.97200860803572, 37.08103457249361]]], [[[125.99553580065032, 37.081627724591755], [125.99376175375868, 37.0815494749876], [125.99483769339618, 37.082598430390114], [125.99553580065032, 37.081627724591755]]], [[[125.98591035755823, 37.08552369991032], [125.98626856061928, 37.08396354562699], [125.98514893612821, 37.083630876023506], [125.98475618459362, 37.083906169035764], [125.98591035755823, 37.08552369991032]]], [[[125.99892329887221, 37.089281676716176], [126.0015334305465, 37.08801737664749], [126.00088719028335, 37.08728370026713], [125.99890777953478, 37.08842176178563], [125.99892329887221, 37.089281676716176]]], [[[126.02121186778842, 37.116610234471864], [126.02156981669435, 37.114917066060535], [126.02154402963318, 37.11468135295464], [126.02121186778842, 37.116610234471864]]], [[[126.02093025828219, 37.11669172769277], [126.02106636754615, 37.11629963870113], [126.02095759066518, 37.11630322620369], [126.02093025828219, 37.11669172769277]]], [[[126.02081654226129, 37.121320970533716], [126.02025075719935, 37.1207166599123], [126.0201516280814, 37.12125804644755], [126.02081654226129, 37.121320970533716]]], [[[126.0191187452785, 37.12989990235106], [126.01741052026537, 37.13165990285645], [126.01869726984489, 37.131519387025406], [126.02108316581678, 37.13306982160004], [126.02135840107212, 37.135691043087235], [126.02263740992474, 37.13329517142883], [126.02283969484591, 37.13034417540658], [126.02148973328565, 37.12667511843406], [126.02220796056191, 37.1256030736231], [126.01880221831217, 37.124391554867806], [126.01641822010879, 37.128163844292665], [126.0191187452785, 37.12989990235106]]], [[[126.01345812447778, 37.13555887015046], [126.01312213942181, 37.13570324137698], [126.01329930265972, 37.13566318153723], [126.01345812447778, 37.13555887015046]]], [[[126.02401018705945, 37.137199926724385], [126.02558839796887, 37.13661542936868], [126.02404342405211, 37.13543779979378], [126.02401018705945, 37.137199926724385]]], [[[126.0130632800006, 37.136393677935565], [126.01347484977917, 37.136856898436704], [126.01324825001309, 37.13626662696379], [126.0130632800006, 37.136393677935565]]], [[[126.01338557048693, 37.137297382509715], [126.01297055406285, 37.13778313860315], [126.01354803533768, 37.13810148016182], [126.01338557048693, 37.137297382509715]]], [[[126.02348778436729, 37.14122803330735], [126.0249021694727, 37.1382525502681], [126.02461323167157, 37.137720749104155], [126.02358429729206, 37.138422951900445], [126.02348778436729, 37.14122803330735]]], [[[125.98751164088699, 37.14161619585413], [125.98761215184668, 37.14140834456293], [125.98754365361913, 37.14140509161551], [125.98751164088699, 37.14161619585413]]], [[[125.98790892381422, 37.14144840099569], [125.98795493971498, 37.14165965900618], [125.98794487786995, 37.141452150322934], [125.98790892381422, 37.14144840099569]]], [[[125.98766687156092, 37.14141432682573], [125.98778710845542, 37.141721177676146], [125.98781141138296, 37.14143581785826], [125.98766687156092, 37.14141432682573]]], [[[126.01145474555048, 37.14587946639875], [126.01204553991745, 37.14586259525401], [126.01208175916872, 37.14574342287208], [126.01145474555048, 37.14587946639875]]], [[[126.01005848263765, 37.14674340239564], [126.01075932436062, 37.14747160715456], [126.01195502875747, 37.14608853527323], [126.01005848263765, 37.14674340239564]]], [[[126.00769711558173, 37.15653138992605], [126.01032717017837, 37.156348362467924], [126.00912597358781, 37.15304913861329], [126.01027752264442, 37.15198199025785], [126.01072823456676, 37.148188726965145], [126.00924106909625, 37.148259566779444], [126.0098135521595, 37.148818095280156], [126.00844275183091, 37.150129091920284], [126.008117765794, 37.15316656409911], [126.00580505874917, 37.15498847900157], [126.00769711558173, 37.15653138992605]]], [[[126.00011605580993, 37.155061931202525], [125.99996890326257, 37.15457574407163], [125.99994960610395, 37.15506667859995], [126.00011605580993, 37.155061931202525]]], [[[125.9832520528967, 37.18419741049444], [125.98404919310812, 37.18182424474342], [125.98368600423268, 37.1817424673265], [125.98180479325866, 37.1834587510044], [125.9832520528967, 37.18419741049444]]], [[[125.96055430594649, 37.18440697118364], [125.96607210380681, 37.18837812365198], [125.96804553722762, 37.18676372145974], [125.96942575097513, 37.1887494077966], [125.97306796292712, 37.18855582858451], [125.97166059309058, 37.19461656576386], [125.97272563021548, 37.19507848462211], [125.97566573328618, 37.19324970927836], [125.97713989615045, 37.193881906787816], [125.97865089437185, 37.19308784056407], [125.97998369496648, 37.193171240532685], [125.98113160727533, 37.19455733043872], [125.98327792212551, 37.194583365616985], [125.98221895834598, 37.19318779010606], [125.98350131670715, 37.19228915952611], [125.98307086960581, 37.19079663583024], [125.98635894583299, 37.18770142212436], [125.98315867066438, 37.18508851588483], [125.98118508776687, 37.18643971675284], [125.98142693679144, 37.18798378375367], [125.97609942014294, 37.189187761425266], [125.97480517391031, 37.1878925276448], [125.97537447335966, 37.185660258746424], [125.97461877127267, 37.18439257119955], [125.9729434708757, 37.185653234991825], [125.96915069211948, 37.18469067886367], [125.96784476999412, 37.183101359056636], [125.96582736400511, 37.18401727498137], [125.96136715325326, 37.182360895967236], [125.96039352167521, 37.18281356997065], [125.96055430594649, 37.18440697118364]]], [[[125.98184511785219, 37.201748996992926], [125.98396111423864, 37.203880860492994], [125.98660284358712, 37.204017680536595], [125.98679489571272, 37.202124600920904], [125.9851824099342, 37.19952579177177], [125.98667624564725, 37.19793787040717], [125.99154075434842, 37.19684309218233], [125.99321485759954, 37.1977685409799], [125.99297490559306, 37.19982935351809], [125.99586917980571, 37.20032067987729], [125.9971431559315, 37.19802004433976], [125.9967275416719, 37.196524541995366], [125.99468018853146, 37.194393486420736], [125.99341122348824, 37.195545625477756], [125.99193234055686, 37.19477303223225], [125.99132110029224, 37.19596589103494], [125.98721116627941, 37.19504787742771], [125.98678816408614, 37.196013648291846], [125.98467964914472, 37.196088463148875], [125.98533454155816, 37.197957273687656], [125.98389392127334, 37.19802888138721], [125.98493020539763, 37.19838475599715], [125.98476233698132, 37.19948830931188], [125.98295105835108, 37.20023518091455], [125.9833578131647, 37.20152441275202], [125.98184511785219, 37.201748996992926]]], [[[126.02670591604351, 37.03833402864247], [126.02576688435519, 37.03808090479486], [126.02622354728582, 37.038841031551954], [126.02670591604351, 37.03833402864247]]], [[[126.02813040422467, 37.04052949406531], [126.02901423161839, 37.042401266883715], [126.02969698888057, 37.04181616204464], [126.02813040422467, 37.04052949406531]]], [[[126.06162079472463, 37.097573252975366], [126.06344154181073, 37.09823226484131], [126.06363846125025, 37.09958617362432], [126.06763740423142, 37.10389896254189], [126.06734207295887, 37.10688822322136], [126.06834674700423, 37.10508507169828], [126.07145648316668, 37.10451122230392], [126.07463250685217, 37.10532530028394], [126.07544909225852, 37.1065926673139], [126.07598332236896, 37.10546623020762], [126.07764686038381, 37.105284671436856], [126.07734790636515, 37.106603967851626], [126.0790866846453, 37.10646298102486], [126.07858071469937, 37.10791519303418], [126.07983137974377, 37.10802556590116], [126.0811248300819, 37.10704556479527], [126.0819740200909, 37.10790632676347], [126.08396545593529, 37.10632288126224], [126.08509408782948, 37.10705522434547], [126.08529707226457, 37.10600601502273], [126.08652945033843, 37.105970209391714], [126.08459871082108, 37.10459546463185], [126.08564651553965, 37.102191330928065], [126.08755299108805, 37.10210845922407], [126.08791477970776, 37.10069239811799], [126.08992263396823, 37.099683921670774], [126.08841489135817, 37.097675281643596], [126.08886115820333, 37.09637754121973], [126.08644349895735, 37.094738049051266], [126.08657092420181, 37.09387854941529], [126.08576128896652, 37.094300469165894], [126.08429965840453, 37.092916455502355], [126.08490019932842, 37.09128933459635], [126.08316952997535, 37.0923259148259], [126.07836253229749, 37.08669680522553], [126.07499499339636, 37.08558129016636], [126.07546693703601, 37.08408061684089], [126.07363353610003, 37.084598615597415], [126.07307042449507, 37.083676600024226], [126.07084172977419, 37.08526900159048], [126.06903192301746, 37.08327756688481], [126.06747653205994, 37.08359195084498], [126.067347446421, 37.08501987650281], [126.06442220836122, 37.08564274690684], [126.06537234106894, 37.085824058953435], [126.06519247623986, 37.08728951394949], [126.06310287919455, 37.08828755616592], [126.06313759539931, 37.08945826662559], [126.0643290386807, 37.090588386857505], [126.06573579580264, 37.09041027956897], [126.06495038849339, 37.09164479527459], [126.06640454855014, 37.09149147240351], [126.06637869865392, 37.09296363847936], [126.06976380077217, 37.09121832101333], [126.0729910568623, 37.09174136112852], [126.07451482107206, 37.09319510771781], [126.0746515716334, 37.09574572622653], [126.07239399076893, 37.09743857089906], [126.06674562773705, 37.09699016038478], [126.06662489462225, 37.098448962841026], [126.06537598486469, 37.09842063904382], [126.06082987397339, 37.09496580659014], [126.06162079472463, 37.097573252975366]]], [[[126.29905456464884, 37.12737173487645], [126.29687852929509, 37.12649958347258], [126.29556246451524, 37.12733577359849], [126.29823348318594, 37.12891974122283], [126.29961414229304, 37.12867665133715], [126.29905456464884, 37.12737173487645]]], [[[126.30088655237701, 37.13894899979322], [126.3030631118663, 37.1377729454979], [126.30500530940276, 37.13302044089616], [126.30365543278948, 37.13162644654767], [126.30220205086289, 37.131950878268604], [126.3015087466579, 37.13607186593004], [126.29716301566984, 37.138715424690574], [126.29673804882786, 37.14043497540397], [126.29855676665973, 37.138882171995405], [126.30088655237701, 37.13894899979322]]], [[[126.27427928636203, 37.15017535473165], [126.27498285782373, 37.14954399101409], [126.27258758792757, 37.14677384596146], [126.27335461830532, 37.14404715072726], [126.27518630687071, 37.14337443214976], [126.27413615032772, 37.141740708054826], [126.2698364505719, 37.149193954223406], [126.27427928636203, 37.15017535473165]]], [[[126.2904917031894, 37.16982916256327], [126.29115284680839, 37.17377682797947], [126.2937455863546, 37.1739682049391], [126.29401787629357, 37.175024468299064], [126.29531664207528, 37.17231055515113], [126.29568768182597, 37.17315413867455], [126.29810532846817, 37.172319689505855], [126.30080918712697, 37.17245917640432], [126.30112100311584, 37.173273803266994], [126.30646737509636, 37.170230081455834], [126.31083708213096, 37.17181986489832], [126.31222714060213, 37.17157703026449], [126.31382591387643, 37.17019903685642], [126.314775554741, 37.16704385045669], [126.3187008602137, 37.16554729218815], [126.31953226345958, 37.163507384111476], [126.32189867776391, 37.16321898772884], [126.32454002224581, 37.16159754937051], [126.32080892944603, 37.158956612993435], [126.31583899221185, 37.16118900780017], [126.31058619639498, 37.15871279174696], [126.30718894674608, 37.15950017346685], [126.30593946222403, 37.15860449166179], [126.30710894933345, 37.16039744871038], [126.30927346738615, 37.16133418319978], [126.30839070355529, 37.162280117613726], [126.30182507234504, 37.165590041748096], [126.29470058314236, 37.16492375532772], [126.29598469765206, 37.16783058276757], [126.2912030718724, 37.170249190996245], [126.2904917031894, 37.16982916256327]]], [[[126.24615474181725, 37.1751411850068], [126.24611327476205, 37.177942294296734], [126.24751222954676, 37.178689577627], [126.2495426407275, 37.17879388925048], [126.24879324678575, 37.178323327413], [126.25022742736634, 37.17674712627614], [126.25409731008301, 37.17728487784653], [126.25290008935755, 37.18104621654836], [126.25563610496498, 37.181489133705306], [126.25748008744128, 37.18024210041991], [126.26150700911245, 37.180760170412775], [126.26189689268918, 37.17928064913777], [126.26506655705397, 37.17805220661341], [126.26566088798896, 37.17510619463882], [126.26913189501532, 37.1748663727201], [126.27094436799244, 37.17602892193474], [126.27005443255828, 37.174795519465086], [126.27094588666995, 37.173057384172104], [126.27075619359654, 37.168319468393044], [126.27211865536407, 37.16812287777249], [126.2727313152413, 37.16499887504947], [126.28267677843951, 37.1630668436056], [126.28071247321328, 37.159474332496394], [126.28152216360323, 37.1589956615365], [126.2793403979504, 37.1578135963525], [126.27609076664758, 37.160074386911596], [126.27337597763712, 37.15957743544709], [126.27222767115111, 37.160999878338835], [126.27324716726761, 37.16329519752672], [126.26837589021919, 37.167353486823195], [126.26272019286293, 37.16964935255582], [126.26100574793178, 37.16846607995285], [126.25919314178152, 37.168544842604454], [126.25752258139937, 37.17160690066276], [126.2552121017973, 37.17198349064163], [126.25228899699903, 37.17032568810381], [126.25141001196302, 37.17150185287286], [126.25013630172516, 37.171401203041015], [126.25030080219989, 37.17048784675185], [126.24818280319262, 37.170641893621585], [126.24697147034401, 37.172460245681954], [126.2435693148232, 37.174119418407166], [126.24429963498798, 37.17577178648141], [126.24615474181725, 37.1751411850068]]], [[[126.24010444116229, 37.176729816618916], [126.2391207654072, 37.17785530710096], [126.23941629857471, 37.17829883718601], [126.2409023117415, 37.177337078697256], [126.24010444116229, 37.176729816618916]]], [[[126.08815056133412, 37.180546976413346], [126.09198796649652, 37.18181016645149], [126.08890066097501, 37.18384518636324], [126.09590811083139, 37.18863806300366], [126.09750014084385, 37.18656108942052], [126.10078691121532, 37.18625213296921], [126.10076852723643, 37.18521612162195], [126.1027798162771, 37.184612180161565], [126.10348450714635, 37.18379005645178], [126.10230534458913, 37.182895621048814], [126.1048599832957, 37.18213894383758], [126.10393448333234, 37.17994411315894], [126.10578971430277, 37.178637449461554], [126.11073936561871, 37.17915242817197], [126.11219215842736, 37.18115830294541], [126.11178258270161, 37.18203566672065], [126.11337030197325, 37.182764040670655], [126.11469290371687, 37.18021683094004], [126.11198230351606, 37.177439694358235], [126.1079758801546, 37.1767050891656], [126.10679219955166, 37.1722499552114], [126.10994662683287, 37.17049164072562], [126.11137478337261, 37.17163926535723], [126.11146136586532, 37.170750510502444], [126.1134180258396, 37.17091940019586], [126.11258790338334, 37.1702800836366], [126.1119054780881, 37.170628324350645], [126.11089321031075, 37.17071907602351], [126.11274428244455, 37.17003298064737], [126.11066273784908, 37.16808583490664], [126.10873697815519, 37.168714715419334], [126.10880244453311, 37.16587889754307], [126.10300416280151, 37.16725291230853], [126.09818596741545, 37.167519024877336], [126.09766357478767, 37.16688067021038], [126.09582173597347, 37.168096859121995], [126.09424283995882, 37.16746876402973], [126.09349059674625, 37.17009715704826], [126.09039198688575, 37.170676262412144], [126.0848847762603, 37.176608120347915], [126.08521959991454, 37.17808176380913], [126.08815056133412, 37.180546976413346]], [[126.11077822752725, 37.17071936509256], [126.11039174069977, 37.17065529816157], [126.1107903427788, 37.1707193390262], [126.11077822752725, 37.17071936509256]]], [[[126.22053119371142, 37.18200093972531], [126.22496503383907, 37.18188659250464], [126.22739046260669, 37.18426980673843], [126.22703475877746, 37.187563312242524], [126.22826256075261, 37.1865302159837], [126.23255599588609, 37.186338334790584], [126.23379888988664, 37.185097655262105], [126.23843094988622, 37.18649224280491], [126.24482079442687, 37.18372118555132], [126.24948778302225, 37.18327142598435], [126.2446153061283, 37.183056835263294], [126.24278519660204, 37.18184194579211], [126.24301875962483, 37.181135919513686], [126.24049656133168, 37.18154179694919], [126.2381878118101, 37.17836858026113], [126.23272191245178, 37.180271800421174], [126.22779854270581, 37.178085502104025], [126.22408290972439, 37.18068614817303], [126.22040064043676, 37.179069288818404], [126.21935534451593, 37.17991902496991], [126.22053119371142, 37.18200093972531]]], [[[126.21475377222535, 37.18453053862786], [126.21597325962075, 37.1882716608431], [126.21860652412765, 37.18810807446902], [126.21700513887379, 37.18449861316047], [126.21974108588371, 37.18257589005294], [126.21729214413159, 37.18318519809962], [126.21578580821249, 37.18260207732729], [126.21475377222535, 37.18453053862786]]], [[[126.11489799016503, 37.18523475556049], [126.11596660310596, 37.185869765235005], [126.11649320225149, 37.18457551373809], [126.11489799016503, 37.18523475556049]]], [[[126.21357540276698, 37.19082981743421], [126.21179482608756, 37.191260779128605], [126.2122812782124, 37.19250230492094], [126.21303901378595, 37.19201795067061], [126.21357540276698, 37.19082981743421]]], [[[126.18434053287407, 37.19440324373034], [126.18365226325912, 37.19412016019891], [126.18409099836818, 37.19476430020524], [126.18434053287407, 37.19440324373034]]], [[[126.20965190635377, 37.19775254919504], [126.20996880730299, 37.197177950016254], [126.20966660855412, 37.19701350339049], [126.20965190635377, 37.19775254919504]]], [[[126.1373672911232, 37.20364202497598], [126.13638841253773, 37.20565040808621], [126.138446262641, 37.207016176661625], [126.1422848534156, 37.20298889538837], [126.1391992078162, 37.200911787658086], [126.13630869622973, 37.20024439526301], [126.13560623709861, 37.20058671290828], [126.1373672911232, 37.20364202497598]]], [[[126.1651775131027, 37.20827052318004], [126.16482099327757, 37.208736642636644], [126.1655630595737, 37.20873561959049], [126.1651775131027, 37.20827052318004]]], [[[126.15931668694964, 37.22410101349725], [126.16141333259957, 37.225299926817094], [126.16065404687406, 37.22406569004596], [126.1639976728671, 37.22335019703243], [126.16635820453989, 37.22529735269769], [126.16583501735207, 37.2258934228193], [126.16836301279113, 37.22581256270286], [126.16970320359124, 37.22804355160395], [126.17032305241747, 37.225307953297225], [126.17303300060244, 37.223540154814465], [126.1720103185502, 37.2232487625694], [126.17278006985215, 37.22127720554141], [126.17678962114091, 37.21964533984751], [126.17679392440618, 37.21789641585843], [126.17973344761337, 37.21714988291894], [126.18012803419519, 37.21395967652377], [126.18152921823112, 37.21238372872789], [126.17984085314127, 37.21070543483275], [126.18020718337202, 37.209670561310766], [126.18271873377205, 37.208322490998476], [126.18419316129388, 37.209684497964005], [126.18580843029112, 37.208900483066486], [126.18703632974902, 37.20963887410177], [126.19124282403486, 37.20894578064975], [126.19420563221323, 37.20968349989795], [126.19336787648395, 37.20792081862467], [126.18889759859209, 37.2076548283818], [126.18987302929585, 37.20481674607962], [126.1896231717488, 37.20415657801346], [126.18736576183775, 37.20482085034034], [126.18660230497258, 37.2041411701028], [126.18803206260657, 37.20269004783095], [126.18615191928423, 37.20261816862829], [126.18456045354102, 37.200210429457734], [126.18485777104677, 37.196120893473655], [126.18084151697207, 37.19814159143502], [126.17823286420199, 37.207482645657564], [126.17901353185175, 37.20839732209832], [126.17769171964797, 37.20870724148203], [126.17849055377708, 37.21130313947179], [126.17762391498437, 37.21191937568115], [126.17390008174411, 37.21253250828516], [126.17263253329398, 37.210286248360916], [126.17065215119138, 37.21043308886976], [126.16976107579174, 37.20926191016751], [126.16891388037658, 37.21162407496528], [126.16472762992642, 37.212501008370225], [126.16271549702245, 37.21112742240731], [126.16153606425027, 37.21129429453762], [126.16253245552413, 37.21186028347914], [126.16287823273638, 37.214273878947914], [126.16074907244021, 37.215270860687916], [126.1603523332438, 37.21799631053192], [126.16229310169763, 37.22154454410705], [126.15931668694964, 37.22410101349725]]], [[[126.18159467731724, 37.21739057630577], [126.1804388320233, 37.21819803498675], [126.18062834919455, 37.21895026487008], [126.18159467731724, 37.21739057630577]]], [[[126.18308942357964, 37.21899151486575], [126.18320579559554, 37.21936380810021], [126.18328177743989, 37.21877650966978], [126.18308942357964, 37.21899151486575]]], [[[126.18938655798094, 37.21888984858965], [126.18905225660188, 37.21964332913374], [126.18949753537082, 37.21990598363502], [126.1897234960279, 37.21945939365083], [126.18938655798094, 37.21888984858965]]], [[[126.14545981320195, 37.220939574925794], [126.14475520569351, 37.22089151992711], [126.1459184284976, 37.22124853970287], [126.14545981320195, 37.220939574925794]]], [[[126.11420153799016, 37.22258887946093], [126.1140004407016, 37.22250562395181], [126.11414904596666, 37.22262536461593], [126.11420153799016, 37.22258887946093]]], [[[126.10104847989165, 37.22262209662903], [126.10037597623767, 37.2231223048531], [126.10116359459774, 37.223112112562426], [126.10104847989165, 37.22262209662903]]], [[[126.08630850745635, 37.22506483082304], [126.09056304316309, 37.22761907905481], [126.09050955264236, 37.22964902010002], [126.0918429579377, 37.22999350775668], [126.09079997902946, 37.23311410147075], [126.09300504777745, 37.23482955640561], [126.09235468451841, 37.23648285335978], [126.09320143290337, 37.23867726007318], [126.09256956675576, 37.23932817450049], [126.09017802732296, 37.23847993893074], [126.09060583914638, 37.24257649883826], [126.08926656855613, 37.24351901321289], [126.09018057952866, 37.245172028503006], [126.08962867115811, 37.24726271927375], [126.09596898052962, 37.25378711615418], [126.09628102718135, 37.25736459376596], [126.09736015759837, 37.257835685809184], [126.09682203702815, 37.259614025019594], [126.09838418217967, 37.262186940881215], [126.10311485762519, 37.26544726841815], [126.10320132489059, 37.269093370404455], [126.10045356941173, 37.27225774436778], [126.103431587583, 37.27375152312809], [126.10827794399931, 37.27182334327378], [126.10911593205267, 37.272272875991916], [126.11022803533287, 37.2705091226883], [126.10844828373857, 37.26830135898575], [126.11079615349246, 37.26755412972831], [126.10892371082632, 37.26555812298165], [126.1109858222036, 37.262685803324224], [126.11219906884678, 37.257113415015596], [126.11741462430614, 37.25812306560857], [126.11867594851905, 37.25668928033852], [126.11775437595962, 37.25457844552352], [126.11928275735691, 37.25331860283122], [126.12231832860896, 37.25369588127408], [126.11960434103854, 37.25328513836946], [126.11843290504511, 37.25159874030736], [126.11605875453446, 37.25108754639629], [126.11790422726114, 37.24769913487946], [126.1204962106478, 37.24673058237673], [126.1205676644711, 37.24617495735946], [126.12111151295917, 37.248135515256806], [126.12275262518568, 37.24828895674763], [126.12483338532951, 37.25048728959622], [126.1240803984507, 37.25227064597396], [126.1263837292635, 37.25164001110224], [126.12668230332869, 37.25047426726178], [126.12783752799398, 37.251430657542876], [126.12998337168041, 37.24896375057384], [126.12982208173334, 37.24726252145987], [126.13611725041146, 37.24658570731501], [126.13822159035028, 37.24289091522714], [126.14120371437517, 37.24127731950436], [126.14358174846411, 37.24132881013446], [126.14451596876025, 37.24249424768152], [126.14465118389148, 37.240634719573286], [126.14263829411448, 37.24096680176229], [126.14030776671342, 37.23910125400368], [126.14087408098762, 37.237425805018226], [126.14439094435177, 37.2377066037844], [126.14813835733246, 37.23933710746471], [126.15214250603039, 37.23823405220167], [126.15466524314856, 37.23522387066551], [126.1603594153314, 37.234723690436596], [126.16134931682356, 37.233041524713016], [126.16552840770626, 37.2315256073393], [126.16213588895909, 37.229406989062994], [126.1579276497927, 37.228304432542494], [126.15820343371429, 37.22756342951842], [126.15725930585855, 37.228191530551946], [126.15502416422306, 37.22764014917551], [126.15650054142311, 37.226373874130616], [126.15501503487565, 37.22718170218611], [126.1541636119437, 37.22646201087176], [126.15327192426473, 37.222520863477875], [126.15183314774151, 37.22243003609597], [126.1511355134446, 37.22464747973716], [126.14959437167263, 37.225554195210684], [126.14338606659473, 37.222433631859644], [126.14466482698458, 37.22085938471103], [126.14375639926766, 37.219038824689626], [126.14634825523324, 37.217775485262706], [126.14547559267615, 37.217031710133774], [126.14812980269573, 37.215407897810735], [126.14760074800311, 37.21460088407303], [126.14377053928807, 37.21571919304684], [126.14190364928866, 37.21544093230703], [126.13887213661607, 37.214382393214954], [126.13742439207566, 37.21228167592579], [126.13663774236251, 37.213822914139044], [126.12923900069477, 37.21276745417131], [126.1256429441426, 37.21331182812838], [126.1237147205966, 37.2116164426892], [126.11930868903227, 37.21159939669639], [126.1192067007081, 37.210243232831836], [126.11835100916542, 37.21012567106846], [126.11494857369946, 37.21137669391066], [126.11426710732773, 37.21043823156556], [126.112473708651, 37.213187075838974], [126.11122558266734, 37.21338014108585], [126.11241194117909, 37.2139511488501], [126.11092042520384, 37.21393469114826], [126.1101932321142, 37.214326865402015], [126.11334647729593, 37.21390660387683], [126.11659133856529, 37.21609508743214], [126.11493971973724, 37.22238151620887], [126.11138104481438, 37.223640883806645], [126.11378304676907, 37.22448291374013], [126.114263157074, 37.225803285501485], [126.1135917750631, 37.22458952024793], [126.11206520095959, 37.225090083615676], [126.10995417101513, 37.223041349619855], [126.11059663573462, 37.2218643540982], [126.10851833266157, 37.22105192034144], [126.10890012306066, 37.220442335469635], [126.10748870058072, 37.221820401500494], [126.10410024377047, 37.220473019598344], [126.10154693131328, 37.22330659889417], [126.10250063197704, 37.225758356032706], [126.10534578583359, 37.22665852989418], [126.10593144588098, 37.22787185485023], [126.103131310139, 37.22993127838055], [126.09645512410293, 37.230631736132445], [126.09377222021035, 37.22916211854977], [126.09418022154108, 37.22792062636826], [126.09319409178775, 37.22689856659192], [126.0940353853792, 37.22630146524084], [126.09146198271084, 37.22511517304962], [126.09023019657745, 37.222433981801295], [126.08566182404229, 37.22285903462138], [126.08630850745635, 37.22506483082304]], [[126.11966308714194, 37.24610032428419], [126.12040632986077, 37.246136049785164], [126.1201408373396, 37.24660200383801], [126.11966308714194, 37.24610032428419]]], [[[126.30861051087574, 37.24744139697858], [126.30926810411549, 37.24851228434895], [126.31023167444492, 37.246853414786266], [126.30985611571568, 37.24668650639138], [126.30861051087574, 37.24744139697858]]], [[[126.28999425710607, 37.254598326006374], [126.28958453009454, 37.254997915245674], [126.28994338272605, 37.25505543081719], [126.28999425710607, 37.254598326006374]]], [[[126.28265097432929, 37.26371323681007], [126.2843131756822, 37.26588506113177], [126.28440819393101, 37.271075105294656], [126.28681786837608, 37.271786539422486], [126.28767163220131, 37.27171750983905], [126.28762342102841, 37.26942253223775], [126.2891620111636, 37.266925147896345], [126.2928833595114, 37.26726025850119], [126.29907908363163, 37.2656274798165], [126.30247020725832, 37.26570453079383], [126.30448679564141, 37.26377256662384], [126.30390285299623, 37.26324464550465], [126.30640172985231, 37.26232801526839], [126.30851054319777, 37.26287750950295], [126.30922556262229, 37.264642342951966], [126.31004814284489, 37.26450580730518], [126.31086116715726, 37.26205744309107], [126.31732194301352, 37.26242806904711], [126.31741611670617, 37.260659518662976], [126.32631698237499, 37.256461938100955], [126.32852290201066, 37.257230586665045], [126.32902042378807, 37.25975042779578], [126.33022318487015, 37.258688040917924], [126.32948010833624, 37.25651753258889], [126.33168651283732, 37.254859571660695], [126.33533312101716, 37.2559506635219], [126.33574202170117, 37.25686583133732], [126.33426345690499, 37.258037708691795], [126.33506731242801, 37.2586878612732], [126.33453368566748, 37.26163326984012], [126.33570497914805, 37.262428280607296], [126.34165883689444, 37.26233298214809], [126.34443992897802, 37.26004511004785], [126.34706108538684, 37.26059553542607], [126.3491207263213, 37.25897580387981], [126.3402746650557, 37.249585749070604], [126.33567798355669, 37.24918193237833], [126.33027802095906, 37.24604237510528], [126.32852313111562, 37.24706276805818], [126.32600206704944, 37.24611696549842], [126.32678670584976, 37.24755290822413], [126.32550149530485, 37.24837917526267], [126.32412243690388, 37.24757224268464], [126.32238396952802, 37.24789239200189], [126.32210361918303, 37.24663805029793], [126.31998555879981, 37.246478481327976], [126.31838342146764, 37.244052514863164], [126.31673626958037, 37.244838314266], [126.31678563338365, 37.248300228867905], [126.3146341827798, 37.24988461884366], [126.30848372682044, 37.24981043511188], [126.30702738645861, 37.25252765620531], [126.30512016955788, 37.253483175750006], [126.30118700998813, 37.2534470491004], [126.30180516299602, 37.25240953171927], [126.30064769270788, 37.25316119067418], [126.29902103729506, 37.251962883016674], [126.2966938463766, 37.252735507516526], [126.29628731329979, 37.25502966460623], [126.29419753160168, 37.256556245733826], [126.28969140467032, 37.255936588931135], [126.28919845271821, 37.25841501645393], [126.28682167522808, 37.26053752693335], [126.28384910193722, 37.25954290801516], [126.28090739272393, 37.25969370237064], [126.27896929409195, 37.262537769219975], [126.27999446595285, 37.264142260585764], [126.28265097432929, 37.26371323681007]]], [[[126.27750534146253, 37.27337974772395], [126.27716927331696, 37.27330376378687], [126.27719775603568, 37.27350352166047], [126.27750534146253, 37.27337974772395]]], [[[126.27712563406624, 37.274956595928344], [126.27751818976805, 37.27400309369197], [126.27729375271902, 37.27392799095799], [126.27712563406624, 37.274956595928344]]], [[[126.0758080796144, 37.2876969290383], [126.07718041063049, 37.289580299942216], [126.08393083253885, 37.28906148994817], [126.08872900522962, 37.283717524947676], [126.08981570767159, 37.28404497123746], [126.09750334197089, 37.279084351366755], [126.09700156572904, 37.27705092038475], [126.09227678340149, 37.275557155392896], [126.08767212394214, 37.275711873692615], [126.08844697134084, 37.276747544841456], [126.08614758891198, 37.28123109172012], [126.07590616287658, 37.28444346511735], [126.0758080796144, 37.2876969290383]]], [[[126.27544270441503, 37.315147118591995], [126.27225750297966, 37.316218085211794], [126.27204524308547, 37.31697998412151], [126.27467516424956, 37.31632821377254], [126.27544270441503, 37.315147118591995]]], [[[126.26312578466569, 37.32355887307427], [126.26421724821165, 37.32296330245263], [126.2640338345607, 37.3218943323868], [126.26293455044194, 37.32196010629016], [126.26312578466569, 37.32355887307427]]], [[[126.26541716682623, 37.32817571025404], [126.26643504249702, 37.32960759019482], [126.26833866210869, 37.329719944204356], [126.26932512120693, 37.32872766680649], [126.26760413737892, 37.326435695519], [126.26579005140158, 37.32660900087358], [126.26541716682623, 37.32817571025404]]], [[[126.29654501204864, 37.50934817921299], [126.2928990844078, 37.50843009681191], [126.292186402269, 37.507399685027416], [126.29393682274237, 37.51020852555398], [126.29654501204864, 37.50934817921299]]], [[[126.04493659197759, 37.507227249002554], [126.04508895236808, 37.5078487788331], [126.04589157150097, 37.507889853942764], [126.04493659197759, 37.507227249002554]]], [[[126.30917305552438, 37.51555251158004], [126.30805769913368, 37.51450258991216], [126.30813220631934, 37.51701342491917], [126.30712770571445, 37.51777601360214], [126.30914574022601, 37.51784312622053], [126.30917305552438, 37.51555251158004]]], [[[126.30860336690279, 37.52449201144897], [126.30574943269919, 37.52499738605929], [126.30322668903523, 37.52719232431463], [126.30327572216243, 37.52837287589248], [126.30672791438896, 37.52683414837097], [126.30860336690279, 37.52449201144897]]], [[[126.29255808070036, 37.53792386719057], [126.29769344648969, 37.53377895170028], [126.29719509913095, 37.53314247761718], [126.29450421905219, 37.53302231824654], [126.29433985505862, 37.53539830558898], [126.29255808070036, 37.53792386719057]]], [[[126.34729922230032, 37.150432051292015], [126.34601238249013, 37.15028555137843], [126.34542613003248, 37.15093285581477], [126.34673958519882, 37.15141414492055], [126.34729922230032, 37.150432051292015]]], [[[126.3160694699132, 37.15298574534309], [126.32213920155985, 37.15399690850047], [126.32008036260524, 37.15146844618104], [126.3160694699132, 37.15298574534309]]], [[[126.3212891773281, 37.15773440600503], [126.3205741682735, 37.15732667310269], [126.32113872361789, 37.15810599371068], [126.3212891773281, 37.15773440600503]]], [[[126.39740669155965, 37.1763248023004], [126.40004582830659, 37.175567914408454], [126.39966566033084, 37.17415991014437], [126.39762397660301, 37.175455257990734], [126.39740669155965, 37.1763248023004]]], [[[126.36781216834493, 37.191565972771144], [126.36786739972108, 37.191425797436764], [126.3677638699084, 37.19141560267956], [126.36781216834493, 37.191565972771144]]], [[[126.37502057731216, 37.20672972038845], [126.37602101950509, 37.207137136184166], [126.37698267431732, 37.20619685010452], [126.37548888428188, 37.206044170279846], [126.37502057731216, 37.20672972038845]]], [[[126.38282058840669, 37.207376205137756], [126.38498885072032, 37.20685852395576], [126.3820026004057, 37.20650797834224], [126.38282058840669, 37.207376205137756]]], [[[126.38208185017004, 37.20697771189245], [126.38062907307598, 37.206679110246895], [126.38005135770536, 37.20689496801031], [126.38053245212303, 37.207410906282036], [126.38208185017004, 37.20697771189245]]], [[[126.37600108687336, 37.208187360322526], [126.37576071530441, 37.20784342959609], [126.37583010056258, 37.20830818634245], [126.37600108687336, 37.208187360322526]]], [[[126.36271946056726, 37.209363103088855], [126.359528452772, 37.20917607216867], [126.35944060357443, 37.210768054493684], [126.36087987524768, 37.211093603278364], [126.36271946056726, 37.209363103088855]]], [[[126.44629474183519, 37.211847385025926], [126.4458996898718, 37.211654045582996], [126.44613408306292, 37.211964252546984], [126.44629474183519, 37.211847385025926]]], [[[126.53316506308708, 37.2295397487165], [126.53241485863124, 37.229099193627], [126.53270645552627, 37.22962363152101], [126.53316506308708, 37.2295397487165]]], [[[126.51205472153079, 37.232649870756084], [126.5152370877593, 37.23408101282867], [126.51876698488596, 37.233627142600696], [126.51937147268495, 37.23125501864079], [126.51502615685655, 37.22786633848494], [126.51311917328869, 37.227651307259045], [126.51162947577802, 37.23139204855259], [126.51205472153079, 37.232649870756084]]], [[[126.48728760084987, 37.239947684988664], [126.48791223191793, 37.24057838552383], [126.48797270065555, 37.23985486939616], [126.48728760084987, 37.239947684988664]]], [[[126.33200742494338, 37.240658128797584], [126.33220037840321, 37.24106053457406], [126.33209962080905, 37.2406061474438], [126.33200742494338, 37.240658128797584]]], [[[126.50156028521988, 37.24209289639557], [126.50141915709503, 37.242279417198034], [126.50167696402514, 37.24219539440187], [126.50156028521988, 37.24209289639557]]], [[[126.50205251375677, 37.24225074327224], [126.50421915499165, 37.2421386998694], [126.50242537348055, 37.24162874908125], [126.50205251375677, 37.24225074327224]]], [[[126.38441527343326, 37.24200061739271], [126.38186204502239, 37.24126715981852], [126.38080094403401, 37.24244135862843], [126.38441527343326, 37.24200061739271]]], [[[126.50026462699748, 37.24291006784744], [126.50042774642039, 37.24257897231721], [126.50010011060942, 37.242880178065846], [126.50026462699748, 37.24291006784744]]], [[[126.50087972917329, 37.242920950196655], [126.50152458528648, 37.24257859849027], [126.50082882532904, 37.24255064641207], [126.50087972917329, 37.242920950196655]]], [[[126.49889321475969, 37.24381048284148], [126.4993084543198, 37.24303165632148], [126.49862232966606, 37.24315769090348], [126.49889321475969, 37.24381048284148]]], [[[126.38848928533515, 37.24562325058238], [126.38991322045429, 37.24544479513397], [126.3901131502623, 37.243671296887776], [126.39237909267925, 37.24333158352803], [126.39372891768349, 37.241460594779106], [126.38634597409589, 37.24200508500281], [126.38832958775323, 37.243730498925835], [126.38848928533515, 37.24562325058238]]], [[[126.55196335411081, 37.24483132762916], [126.55094437693869, 37.245078779467846], [126.55095906539772, 37.24577124102141], [126.55170469902197, 37.245511524343854], [126.55196335411081, 37.24483132762916]]], [[[126.54822391529132, 37.24605057446675], [126.54837673969212, 37.245693991029086], [126.54805898606999, 37.246019398129086], [126.54822391529132, 37.24605057446675]]], [[[126.51057487575153, 37.25421297653214], [126.51262405625673, 37.25459639927671], [126.51417806432575, 37.256238323019396], [126.51378954147421, 37.25805030172352], [126.51595868140795, 37.257068960706604], [126.51726602989059, 37.257984018536376], [126.52021470224652, 37.25799560833704], [126.52084678356324, 37.25939906584948], [126.52193221398171, 37.25944980695014], [126.52103801879501, 37.25847710014921], [126.52286715917626, 37.257438568769544], [126.52395678806543, 37.257768203230945], [126.52875904902761, 37.251989349799544], [126.52905292093186, 37.25026909856447], [126.52624061838922, 37.24890736480498], [126.52711319770046, 37.247420093244095], [126.53127434514099, 37.24516444700959], [126.5336239272201, 37.24551922628581], [126.5321791450584, 37.24287097810071], [126.53422975236487, 37.238560646910756], [126.53861896406572, 37.2351420720353], [126.53729845733913, 37.23241720301899], [126.53406979367246, 37.23340388343951], [126.53311268863786, 37.232833434388866], [126.52949390515228, 37.234788694625955], [126.52455786485444, 37.235694151830074], [126.52395526029251, 37.23679426966634], [126.52607433836262, 37.239524754426064], [126.52601498962207, 37.24577394144577], [126.5214011450001, 37.250228906582706], [126.51977723365115, 37.250635315806896], [126.5190020169211, 37.25002439793997], [126.5167566590277, 37.25145181791728], [126.51539482956542, 37.251159726282204], [126.51359396455949, 37.25317881248512], [126.51149510267383, 37.25352043810334], [126.51050646440096, 37.252830660787126], [126.5097659126951, 37.253026696836386], [126.51057487575153, 37.25421297653214]]], [[[126.54057619079734, 37.24665989311977], [126.54086959981082, 37.245740182410074], [126.54033681966463, 37.24635869302439], [126.54057619079734, 37.24665989311977]]], [[[126.5015365290989, 37.25408781299599], [126.50165616565711, 37.25390575196026], [126.50120926619029, 37.25377676572378], [126.5015365290989, 37.25408781299599]]], [[[126.42947958139611, 37.26353792523888], [126.43165006549327, 37.26270939514362], [126.43363659678259, 37.26477088422536], [126.43509136776599, 37.26443525685008], [126.43685203317612, 37.265479122276105], [126.43678475318177, 37.26777235455308], [126.43435270597328, 37.26932918361749], [126.43437174038496, 37.2737554903563], [126.43521871670255, 37.27426544127922], [126.43709613585716, 37.27270584524434], [126.44055650830072, 37.27240722240162], [126.44257904226717, 37.27314294888862], [126.44698903074344, 37.27131660934061], [126.4482183324442, 37.27171037703755], [126.45205033886089, 37.27440102521798], [126.45420046766412, 37.27728621802449], [126.45294270572423, 37.27980167997245], [126.45070896943739, 37.27973936415162], [126.45203224237609, 37.28089461298651], [126.45142444543315, 37.2818807509311], [126.45356108956788, 37.281867107518934], [126.45555304131011, 37.28446328621593], [126.45568769429714, 37.283337297774914], [126.45721783804561, 37.28258356605582], [126.46207346789247, 37.282945882586276], [126.46371504584833, 37.28393430247898], [126.46648972329588, 37.283599495749684], [126.47068848808611, 37.287419301757126], [126.470476744648, 37.28563287081033], [126.474413745085, 37.282485421403926], [126.48164909588772, 37.28081853019232], [126.48901848775407, 37.283658852300476], [126.49027129206057, 37.280086723637915], [126.49205563957896, 37.279647968177514], [126.4915833955642, 37.27920764137354], [126.49141045838805, 37.278571413839444], [126.49206483950913, 37.27961466091172], [126.49347506081787, 37.279699641831236], [126.49445309034645, 37.27741221777821], [126.49719294453928, 37.27696828263765], [126.49600099608365, 37.27576466650222], [126.49627717151755, 37.27466928155923], [126.49403157174717, 37.2730482859186], [126.49405473293905, 37.270329679920685], [126.49642280812431, 37.26660660843968], [126.49637545259188, 37.26318263644975], [126.5017346069231, 37.25883884431411], [126.50177178518621, 37.258458128344444], [126.50064804653876, 37.258633675634044], [126.50018016136121, 37.25552672176322], [126.49878867489794, 37.255677880229165], [126.49890022434067, 37.25440859965489], [126.49767267198347, 37.25455819725729], [126.49872062544728, 37.25324373725679], [126.4964720382584, 37.253683564471665], [126.4964558753574, 37.25572664598561], [126.49220254211086, 37.2591016657277], [126.48714794354349, 37.25963461375282], [126.48485589065811, 37.25852138274403], [126.48723554886364, 37.25649820748202], [126.4858540489261, 37.25494465959708], [126.48749192359821, 37.25353349300126], [126.48691712826702, 37.25297675691864], [126.4856133905676, 37.25269154047864], [126.48517965233623, 37.25365017143153], [126.48075360255766, 37.25525357348875], [126.47639622351062, 37.25359810258418], [126.47555513112825, 37.25188104104278], [126.48215760757658, 37.247723533781155], [126.48009185484892, 37.24462242683459], [126.48241165628441, 37.24310238449886], [126.48237019412234, 37.241917440817886], [126.48120004729896, 37.24120881865351], [126.47775455776524, 37.24207725989655], [126.4753554314614, 37.2416029560407], [126.47034716243125, 37.239029337985336], [126.46865653371178, 37.235228620789826], [126.46916022453948, 37.2338185772565], [126.47181991915403, 37.233160362020165], [126.46856095678243, 37.23257794028663], [126.4577917675589, 37.22598482434736], [126.45872046090207, 37.223956684852], [126.45484639304094, 37.227775515252745], [126.45282912795457, 37.22840192656604], [126.45414013115756, 37.231328101304], [126.45775387550708, 37.23197643177022], [126.45863128045198, 37.232982427789196], [126.45685167142399, 37.236741402420456], [126.45780953551423, 37.23847263275997], [126.45631434758317, 37.24077459708239], [126.45146102961982, 37.2428260935333], [126.44762880228267, 37.242673861681176], [126.4454127952754, 37.241405093485845], [126.44387310724443, 37.237614846269715], [126.44467532948589, 37.23829388681582], [126.44533525649926, 37.237193085125064], [126.44310451691867, 37.235300765030615], [126.44314012561297, 37.231092528482854], [126.43540570065197, 37.23106156969137], [126.43503027203494, 37.23224227462087], [126.43154365426497, 37.23298306769052], [126.43154451925417, 37.2564640554017], [126.42985476274565, 37.25645599968376], [126.42981933136606, 37.26130862424784], [126.42841260318072, 37.261895021234594], [126.42947958139611, 37.26353792523888]], [[126.4299649965873, 37.256546634214324], [126.43163895339481, 37.2565125345074], [126.43166536532782, 37.252482019607854], [126.43564631868028, 37.25261200861564], [126.43621281608299, 37.25426304887274], [126.43330879969538, 37.25660981476889], [126.43407250936237, 37.25728100974922], [126.43236744299223, 37.26094305592425], [126.42982577590683, 37.26130611447893], [126.4299649965873, 37.256546634214324]]], [[[126.51630653992197, 37.25963416892875], [126.51663335998461, 37.25985734052747], [126.51682507372725, 37.25941606366037], [126.51630653992197, 37.25963416892875]]], [[[126.507810607301, 37.276002962356436], [126.50799582938724, 37.27567402289587], [126.50759836314239, 37.27583045000358], [126.507810607301, 37.276002962356436]]], [[[126.31927897454099, 37.48127579639174], [126.31945240501443, 37.48054204457544], [126.3190506409242, 37.48017698819223], [126.31826167255083, 37.4810650341367], [126.31927897454099, 37.48127579639174]]], [[[126.3121387119526, 37.50748608668016], [126.31771636396103, 37.508403043396456], [126.31714129877513, 37.50716300911173], [126.31295223327038, 37.5048105853275], [126.31092882214833, 37.506202195256954], [126.3121387119526, 37.50748608668016]]], [[[126.4266707013438, 37.51671926745565], [126.42553893275151, 37.51644253079559], [126.42526422218569, 37.5186014082346], [126.42656978439241, 37.51797075676574], [126.4266707013438, 37.51671926745565]]], [[[126.42041872446755, 37.518877444456294], [126.41876824502926, 37.51900952407842], [126.4206959648176, 37.519498477554805], [126.42041872446755, 37.518877444456294]]], [[[126.42971444305837, 37.5186984570008], [126.43095172106082, 37.52141281574315], [126.43189070586925, 37.52042745506328], [126.43252531269428, 37.52454883766793], [126.43141032768415, 37.525480726724126], [126.43590152238829, 37.5275660669496], [126.43849102963662, 37.530576568179164], [126.44040150916821, 37.53145763136661], [126.4414446261896, 37.53080203630621], [126.44333599475766, 37.53119548483145], [126.44478034020912, 37.53252827845393], [126.44854537488152, 37.53325891457808], [126.4512534500603, 37.5363365974656], [126.45379888102899, 37.536854367819394], [126.45563743901728, 37.538857204509625], [126.45535354485858, 37.540239340576214], [126.45636123793753, 37.539587126868085], [126.45715918000414, 37.54411841146459], [126.46074042427416, 37.54428756405024], [126.46254028648207, 37.54234519451835], [126.46549744677387, 37.541179304892964], [126.46596537474322, 37.538849280437795], [126.47312797327575, 37.53724729745897], [126.472362212452, 37.53336155024783], [126.47336655103186, 37.532342276300945], [126.47317421542604, 37.52873715587245], [126.47180545991915, 37.529000752485516], [126.46977019633971, 37.527760745180956], [126.46804658506969, 37.528751452068775], [126.46668359779109, 37.528315527386674], [126.46643930783213, 37.524596049618], [126.46822734786811, 37.522293966295166], [126.47039260568887, 37.522115732223206], [126.46730459889727, 37.51515327025164], [126.46816916190564, 37.513720482563855], [126.47005801352567, 37.513275043034014], [126.46966116486237, 37.51215603356414], [126.46752137756835, 37.512806433438534], [126.46673739966812, 37.511792015943286], [126.46414235714198, 37.511814449468524], [126.46288388764202, 37.51229197975966], [126.46224333932064, 37.51479092445046], [126.45778975844095, 37.51757860060478], [126.45665827076415, 37.516937372099335], [126.45411450586803, 37.51901746401085], [126.44707418242191, 37.51982693876667], [126.444289921952, 37.518742962230206], [126.44454501517245, 37.51750934780437], [126.4396288398505, 37.516322739371425], [126.43927328669189, 37.5142733249529], [126.43374620989384, 37.51812902271906], [126.43096037523159, 37.51743417539922], [126.42971444305837, 37.5186984570008]]], [[[126.40173548441264, 37.53112652029893], [126.40427423611379, 37.535287780718605], [126.40836672440415, 37.536452282142946], [126.41089282404296, 37.539571279495775], [126.41177650024446, 37.54015321496098], [126.41256546961021, 37.5399890294651], [126.41135742328035, 37.538693218452536], [126.4133001588028, 37.540089870929116], [126.41280210994744, 37.53885306430592], [126.41466071347979, 37.535090134454826], [126.41392716883749, 37.53584586970377], [126.4119319110148, 37.5348457026046], [126.41269452308157, 37.53361464987727], [126.41177700667319, 37.530733959472194], [126.40974661660432, 37.529246797420676], [126.41072817309644, 37.52777986772126], [126.40955178596461, 37.526743794670324], [126.40863170701734, 37.52653105273188], [126.40721007440186, 37.528351792507365], [126.40483032873601, 37.528616232787975], [126.40364672476069, 37.53072411131531], [126.40173548441264, 37.53112652029893]]], [[[126.39660113659116, 37.532873058349274], [126.3958376340391, 37.533305345837064], [126.39569142362531, 37.534465238695525], [126.39664199636647, 37.53372545093754], [126.39660113659116, 37.532873058349274]]], [[[126.41597272650247, 37.52338360345152], [126.42021282211277, 37.52624337324592], [126.41881611040591, 37.527890225645585], [126.4191228925556, 37.52961915568385], [126.4223072146343, 37.533875222715906], [126.4217429316227, 37.535397400735086], [126.41894329565008, 37.536554439137205], [126.42031445459452, 37.53674856312754], [126.42243222805752, 37.541642209414654], [126.42391282658497, 37.54108825792511], [126.42241329803782, 37.54194797233862], [126.42444873544366, 37.5442798791808], [126.42402094992494, 37.5464752594763], [126.42713874565685, 37.54830488547547], [126.4277867580979, 37.54710144393465], [126.43102489002419, 37.54618320369494], [126.43142048310288, 37.54419396626996], [126.43443362019308, 37.54433812543835], [126.43743630108445, 37.54574700804405], [126.44107296380088, 37.54492936716891], [126.44069480938285, 37.54402924918454], [126.43933310667032, 37.544387797648575], [126.43435387821474, 37.54259375966677], [126.43480716930647, 37.54009634485098], [126.43233449814488, 37.535842939819744], [126.43181638499964, 37.53093218962471], [126.42628985033572, 37.5259304470568], [126.42781997162737, 37.52375027555102], [126.42677215739486, 37.5222727224664], [126.42505300379959, 37.52186252386452], [126.42490092158175, 37.52314622323502], [126.4226042100194, 37.52394035010548], [126.42139354843628, 37.52296061850688], [126.41706393508461, 37.52330584744721], [126.41653648927019, 37.52262508453417], [126.41597272650247, 37.52338360345152]]], [[[126.30845967969664, 37.5603381671786], [126.31709659889633, 37.55716171509145], [126.31767839143077, 37.556083756045815], [126.31972185228939, 37.55602345939789], [126.32326768826763, 37.55334611312914], [126.32496907803306, 37.55387812347302], [126.32774223442355, 37.55244287130561], [126.32735626657977, 37.55093695995867], [126.3294308458054, 37.55000216818768], [126.33743581334635, 37.55129303917348], [126.33779136534622, 37.54855288420261], [126.34016130511203, 37.54718035489366], [126.33943266424997, 37.54421386289332], [126.34336005920159, 37.53924558679735], [126.34958035986175, 37.53723276284074], [126.35366308244363, 37.534821986310355], [126.3577845887652, 37.53428786340547], [126.36295052761307, 37.53529935427678], [126.36502899244867, 37.53426746633435], [126.37502602950207, 37.53733539068866], [126.37775280994053, 37.536695047203025], [126.38081798575834, 37.5373567577708], [126.38376792888185, 37.539049037784835], [126.3842612232697, 37.53542231953732], [126.38331561104239, 37.5329737812947], [126.38396409726035, 37.53183240689965], [126.38542126266137, 37.53168551736577], [126.38479296261428, 37.53026133816439], [126.3841714628961, 37.53078363290934], [126.38212736012008, 37.530123783052446], [126.38211941634331, 37.528426096138034], [126.38086760933994, 37.527859736252786], [126.37843234504676, 37.52902452207845], [126.3682059333798, 37.530689845593564], [126.3656069826923, 37.52944232231613], [126.36148779547958, 37.531020327749516], [126.35533915386694, 37.52981093363212], [126.35247449479544, 37.53012211864234], [126.34962994855711, 37.52912049279284], [126.34902120875448, 37.52760678406963], [126.34667110070079, 37.52877678041067], [126.34267034307486, 37.528254504690224], [126.34317245983925, 37.52653044351809], [126.34183484980595, 37.52581604473772], [126.34035514344227, 37.526223653516], [126.34034949898827, 37.529865107303635], [126.33636796139974, 37.53066524450755], [126.3341857511097, 37.529522332845765], [126.3345593468521, 37.52710403702954], [126.32988523183326, 37.52613247698448], [126.32706773747701, 37.52292291183844], [126.32532010871302, 37.52528641211586], [126.32860389360384, 37.52708257205883], [126.32902523582884, 37.5307888382844], [126.32788270964856, 37.53219087922944], [126.32947153680831, 37.532920803146396], [126.33036711157666, 37.537013980584184], [126.3296787948839, 37.540844244273], [126.32455258261926, 37.544877017759546], [126.32146633329445, 37.54551581614336], [126.31856221749281, 37.550248399074626], [126.31554102515253, 37.551369978794646], [126.30946815917272, 37.556498299317795], [126.30845967969664, 37.5603381671786]]], [[[126.34148553809163, 37.559237438208136], [126.34282334754577, 37.56001281828634], [126.34286547371872, 37.55890818888272], [126.34148553809163, 37.559237438208136]]]]}}]}